component_id,component_type,parameter_name,lot_id,risk_level,risk_score,anomaly_flag,behavior_pattern,input_stage,predicted_168h,is_risky
CMP-000001,Logic IC,Iddq,LOT-04,CRITICAL,100.0,1,SUDDEN_ANOMALY,0h_24h_96h,13.077995145634931,True
CMP-000002,Memory IC,Standby Current,LOT-16,LOW,15.0,0,NORMAL,0h_24h_96h,25.928538379620697,False
CMP-000003,ADC,Leakage Current,LOT-04,LOW,0.0,0,NORMAL,0h_24h_96h,5.515358632023376,False
CMP-000004,Driver IC,Propagation Delay,LOT-17,CRITICAL,100.0,1,LATENT_DEFECT,0h_24h_96h,37.7138658412851,True
CMP-000005,Logic IC,Iddq,LOT-18,CRITICAL,100.0,1,GRADUAL_DRIFT,0h_24h_96h,31.328616261772495,True
CMP-000006,Memory IC,Standby Current,LOT-12,LOW,0.0,0,NORMAL,0h_24h_96h,25.87283400469978,False
CMP-000007,ADC,Leakage Current,LOT-07,LOW,0.0,0,NORMAL,0h_24h_96h,5.428189656162278,False
CMP-000008,Driver IC,Propagation Delay,LOT-04,CRITICAL,100.0,1,LATENT_DEFECT,0h_24h_96h,37.73750248506697,True
CMP-000009,Logic IC,Iddq,LOT-06,LOW,0.0,0,NORMAL,0h_24h_96h,10.587079570238096,False
CMP-000010,Memory IC,Standby Current,LOT-16,CRITICAL,100.0,1,LATENT_DEFECT,0h_24h_96h,73.59222201542165,True
CMP-000011,ADC,Leakage Current,LOT-04,LOW,15.0,0,NORMAL,0h_24h_96h,5.6789768720407645,False
CMP-000012,Driver IC,Propagation Delay,LOT-10,LOW,15.0,0,NORMAL,0h_24h_96h,17.884911340764578,False
CMP-000013,Logic IC,Iddq,LOT-20,LOW,0.0,0,NORMAL,0h_24h_96h,10.726472907539682,False
CMP-000014,Memory IC,Standby Current,LOT-07,CRITICAL,100.0,1,LATENT_DEFECT,0h_24h_96h,65.98586163005166,True
CMP-000015,ADC,Leakage Current,LOT-20,LOW,0.0,0,NORMAL,0h_24h_96h,5.518147959862401,False
CMP-000016,Driver IC,Propagation Delay,LOT-07,CRITICAL,100.0,1,LATENT_DEFECT,0h_24h_96h,40.115740446999126,True
CMP-000017,Logic IC,Iddq,LOT-08,LOW,0.0,0,NORMAL,0h_24h_96h,10.523972877513236,False
CMP-000018,Memory IC,Standby Current,LOT-06,MEDIUM,30.0,0,NORMAL,0h_24h_96h,25.81384164576055,True
CMP-000019,ADC,Leakage Current,LOT-16,CRITICAL,100.0,1,GRADUAL_DRIFT,0h_24h_96h,19.87622172111679,True
CMP-000020,Driver IC,Propagation Delay,LOT-12,CRITICAL,100.0,1,SUDDEN_ANOMALY,0h_24h_96h,20.546156602348884,True
CMP-000021,Logic IC,Iddq,LOT-01,CRITICAL,100.0,1,SUDDEN_ANOMALY,0h_24h_96h,13.693375514550269,True
CMP-000022,Memory IC,Standby Current,LOT-20,CRITICAL,100.0,1,LATENT_DEFECT,0h_24h_96h,66.75234917971149,True
CMP-000023,ADC,Leakage Current,LOT-20,LOW,15.0,0,NORMAL,0h_24h_96h,5.770939957187656,False
CMP-000024,Driver IC,Propagation Delay,LOT-15,LOW,0.0,0,NORMAL,0h_24h_96h,18.630949118121443,False
CMP-000025,Logic IC,Iddq,LOT-17,CRITICAL,100.0,1,LATENT_DEFECT,0h_24h_96h,35.342375147222235,True
CMP-000026,Memory IC,Standby Current,LOT-07,CRITICAL,100.0,1,LATENT_DEFECT,0h_24h_96h,67.82839288088239,True
CMP-000027,ADC,Leakage Current,LOT-13,LOW,0.0,0,NORMAL,0h_24h_96h,5.494827358500282,False
CMP-000028,Driver IC,Propagation Delay,LOT-13,MEDIUM,30.0,0,NORMAL,0h_24h_96h,17.944882090196487,True
CMP-000029,Logic IC,Iddq,LOT-14,MEDIUM,30.0,0,NORMAL,0h_24h_96h,11.635407109259274,True
CMP-000030,Memory IC,Standby Current,LOT-19,CRITICAL,100.0,1,LATENT_DEFECT,0h_24h_96h,61.642865326143834,True
CMP-000031,ADC,Leakage Current,LOT-04,CRITICAL,100.0,1,GRADUAL_DRIFT,0h_24h_96h,21.297970915403315,True
CMP-000032,Driver IC,Propagation Delay,LOT-17,MEDIUM,30.0,0,NORMAL,0h_24h_96h,17.74066047022655,True
CMP-000033,Logic IC,Iddq,LOT-10,CRITICAL,100.0,1,LATENT_DEFECT,0h_24h_96h,43.921779626587295,True
CMP-000034,Memory IC,Standby Current,LOT-14,CRITICAL,100.0,1,SUDDEN_ANOMALY,0h_24h_96h,32.166959681782394,True
CMP-000035,ADC,Leakage Current,LOT-14,CRITICAL,100.0,1,SUDDEN_ANOMALY,0h_24h_96h,7.566646033433329,True
CMP-000036,Driver IC,Propagation Delay,LOT-20,MEDIUM,30.0,0,NORMAL,0h_24h_96h,17.960790299862882,True
CMP-000037,Logic IC,Iddq,LOT-14,LOW,0.0,0,NORMAL,0h_24h_96h,11.283682005026456,False
CMP-000038,Memory IC,Standby Current,LOT-06,CRITICAL,100.0,1,LATENT_DEFECT,0h_24h_96h,58.74329421119409,True
CMP-000039,ADC,Leakage Current,LOT-14,CRITICAL,100.0,1,GRADUAL_DRIFT,0h_24h_96h,19.09943997167793,True
CMP-000040,Driver IC,Propagation Delay,LOT-17,LOW,15.0,0,NORMAL,0h_24h_96h,18.248947026424975,False
CMP-000041,Logic IC,Iddq,LOT-10,LOW,0.0,0,NORMAL,0h_24h_96h,10.76788361031746,False
CMP-000042,Memory IC,Standby Current,LOT-15,CRITICAL,100.0,1,GRADUAL_DRIFT,0h_24h_96h,68.0581048583217,True
CMP-000043,ADC,Leakage Current,LOT-20,LOW,0.0,0,NORMAL,0h_24h_96h,5.41000104548697,False
CMP-000044,Driver IC,Propagation Delay,LOT-03,LOW,0.0,0,NORMAL,0h_24h_96h,18.560702422598002,False
CMP-000045,Logic IC,Iddq,LOT-05,MEDIUM,36.0,0,NORMAL,0h_24h_96h,10.884985444576722,True
CMP-000046,Memory IC,Standby Current,LOT-16,LOW,0.0,0,NORMAL,0h_24h_96h,25.786107015257166,False
CMP-000047,ADC,Leakage Current,LOT-02,CRITICAL,100.0,1,LATENT_DEFECT,0h_24h_96h,21.388069958816494,True
CMP-000048,Driver IC,Propagation Delay,LOT-15,LOW,0.0,0,NORMAL,0h_24h_96h,18.84763190151912,False
CMP-000049,Logic IC,Iddq,LOT-15,CRITICAL,100.0,1,SUDDEN_ANOMALY,0h_24h_96h,14.655268669841261,True
CMP-000050,Memory IC,Standby Current,LOT-04,LOW,0.0,0,NORMAL,0h_24h_96h,26.22804281880396,False
CMP-000051,ADC,Leakage Current,LOT-15,LOW,0.0,0,NORMAL,0h_24h_96h,5.41000104548697,False
CMP-000052,Driver IC,Propagation Delay,LOT-10,CRITICAL,100.0,1,LATENT_DEFECT,0h_24h_96h,43.17084002547988,True
CMP-000053,Logic IC,Iddq,LOT-12,LOW,0.0,0,NORMAL,0h_24h_96h,10.714682507539692,False
CMP-000054,Memory IC,Standby Current,LOT-10,MEDIUM,30.0,0,NORMAL,0h_24h_96h,26.474567715241346,True
CMP-000055,ADC,Leakage Current,LOT-20,CRITICAL,100.0,1,GRADUAL_DRIFT,0h_24h_96h,21.444690355608945,True
CMP-000056,Driver IC,Propagation Delay,LOT-16,CRITICAL,100.0,1,SUDDEN_ANOMALY,0h_24h_96h,21.55417590842642,True
CMP-000057,Logic IC,Iddq,LOT-18,CRITICAL,100.0,1,SUDDEN_ANOMALY,0h_24h_96h,12.776811869312171,True
CMP-000058,Memory IC,Standby Current,LOT-20,LOW,15.0,0,NORMAL,0h_24h_96h,25.432716296745223,False
CMP-000059,ADC,Leakage Current,LOT-19,CRITICAL,100.0,1,GRADUAL_DRIFT,0h_24h_96h,21.93097222403272,True
CMP-000060,Driver IC,Propagation Delay,LOT-05,MEDIUM,30.0,0,NORMAL,0h_24h_96h,17.559831333425286,True
CMP-000061,Logic IC,Iddq,LOT-14,CRITICAL,100.0,1,LATENT_DEFECT,0h_24h_96h,35.48923918531748,True
CMP-000062,Memory IC,Standby Current,LOT-07,MEDIUM,30.0,0,NORMAL,0h_24h_96h,27.280535124809898,True
CMP-000063,ADC,Leakage Current,LOT-18,MEDIUM,30.0,0,NORMAL,0h_24h_96h,5.1255399140647615,True
CMP-000064,Driver IC,Propagation Delay,LOT-20,LOW,0.0,0,NORMAL,0h_24h_96h,18.78741341433656,False
CMP-000065,Logic IC,Iddq,LOT-18,CRITICAL,100.0,1,GRADUAL_DRIFT,0h_24h_96h,32.465298892724874,True
CMP-000066,Memory IC,Standby Current,LOT-10,CRITICAL,100.0,1,SUDDEN_ANOMALY,0h_24h_96h,30.251681159443184,True
CMP-000067,ADC,Leakage Current,LOT-18,LOW,0.0,0,NORMAL,0h_24h_96h,5.225513925277168,False
CMP-000068,Driver IC,Propagation Delay,LOT-03,LOW,0.0,0,NORMAL,0h_24h_96h,18.769625182353217,False
CMP-000069,Logic IC,Iddq,LOT-19,LOW,0.0,0,NORMAL,0h_24h_96h,10.604494568518506,False
CMP-000070,Memory IC,Standby Current,LOT-10,MEDIUM,30.0,0,NORMAL,0h_24h_96h,26.197531439684592,True
CMP-000071,ADC,Leakage Current,LOT-10,CRITICAL,100.0,1,GRADUAL_DRIFT,0h_24h_96h,21.264458514790586,True
CMP-000072,Driver IC,Propagation Delay,LOT-01,CRITICAL,100.0,1,LATENT_DEFECT,0h_24h_96h,41.81559643990944,True
CMP-000073,Logic IC,Iddq,LOT-15,MEDIUM,36.0,0,NORMAL,0h_24h_96h,11.23537302976191,True
CMP-000074,Memory IC,Standby Current,LOT-07,LOW,15.0,0,NORMAL,0h_24h_96h,25.618379798329947,False
CMP-000075,ADC,Leakage Current,LOT-02,CRITICAL,100.0,1,GRADUAL_DRIFT,0h_24h_96h,20.25638675198742,True
CMP-000076,Driver IC,Propagation Delay,LOT-18,CRITICAL,100.0,1,LATENT_DEFECT,0h_24h_96h,41.31289993318176,True
CMP-000077,Logic IC,Iddq,LOT-15,LOW,0.0,0,NORMAL,0h_24h_96h,10.691086523280417,False
CMP-000078,Memory IC,Standby Current,LOT-20,CRITICAL,100.0,1,SUDDEN_ANOMALY,0h_24h_96h,31.739778548321134,True
CMP-000079,ADC,Leakage Current,LOT-13,CRITICAL,100.0,1,GRADUAL_DRIFT,0h_24h_96h,19.624961017719585,True
CMP-000080,Driver IC,Propagation Delay,LOT-08,CRITICAL,100.0,1,LATENT_DEFECT,0h_24h_96h,38.782584098928,True
CMP-000081,Logic IC,Iddq,LOT-12,CRITICAL,100.0,1,GRADUAL_DRIFT,0h_24h_96h,32.61736255185181,True
CMP-000082,Memory IC,Standby Current,LOT-12,CRITICAL,100.0,1,SUDDEN_ANOMALY,0h_24h_96h,30.715210644474887,True
CMP-000083,ADC,Leakage Current,LOT-02,LOW,21.0,0,NORMAL,0h_24h_96h,5.2281092669025675,False
CMP-000084,Driver IC,Propagation Delay,LOT-10,CRITICAL,100.0,1,SUDDEN_ANOMALY,0h_24h_96h,20.94649015902335,True
CMP-000085,Logic IC,Iddq,LOT-17,LOW,0.0,0,NORMAL,0h_24h_96h,10.535096973809523,False
CMP-000086,Memory IC,Standby Current,LOT-17,CRITICAL,100.0,1,LATENT_DEFECT,0h_24h_96h,72.90036336630989,True
CMP-000087,ADC,Leakage Current,LOT-13,LOW,0.0,0,NORMAL,0h_24h_96h,5.544067254370582,False
CMP-000088,Driver IC,Propagation Delay,LOT-04,CRITICAL,100.0,1,LATENT_DEFECT,0h_24h_96h,40.451630633997794,True
CMP-000089,Logic IC,Iddq,LOT-04,CRITICAL,100.0,1,SUDDEN_ANOMALY,0h_24h_96h,13.138244916534402,True
CMP-000090,Memory IC,Standby Current,LOT-20,MEDIUM,30.0,0,NORMAL,0h_24h_96h,26.05880477001393,True
CMP-000091,ADC,Leakage Current,LOT-17,LOW,0.0,0,NORMAL,0h_24h_96h,5.428189656162278,False
CMP-000092,Driver IC,Propagation Delay,LOT-19,LOW,0.0,0,NORMAL,0h_24h_96h,18.69222607567434,False
CMP-000093,Logic IC,Iddq,LOT-04,CRITICAL,100.0,1,GRADUAL_DRIFT,0h_24h_96h,35.0061650490741,True
CMP-000094,Memory IC,Standby Current,LOT-19,LOW,0.0,0,NORMAL,0h_24h_96h,26.840954695854805,False
CMP-000095,ADC,Leakage Current,LOT-08,CRITICAL,100.0,1,GRADUAL_DRIFT,0h_24h_96h,20.432788951845016,True
CMP-000096,Driver IC,Propagation Delay,LOT-09,CRITICAL,100.0,1,LATENT_DEFECT,0h_24h_96h,35.038582435436545,True
CMP-000097,Logic IC,Iddq,LOT-19,LOW,15.0,0,NORMAL,0h_24h_96h,10.969122903306884,False
CMP-000098,Memory IC,Standby Current,LOT-14,MEDIUM,30.0,0,NORMAL,0h_24h_96h,25.52432752036394,True
CMP-000099,ADC,Leakage Current,LOT-20,CRITICAL,100.0,1,SUDDEN_ANOMALY,0h_24h_96h,7.100201416578613,True
CMP-000100,Driver IC,Propagation Delay,LOT-13,CRITICAL,100.0,1,LATENT_DEFECT,0h_24h_96h,44.75256792650589,True
CMP-000101,Logic IC,Iddq,LOT-13,CRITICAL,100.0,1,GRADUAL_DRIFT,0h_24h_96h,38.61090869060847,True
CMP-000102,Memory IC,Standby Current,LOT-06,LOW,0.0,0,NORMAL,0h_24h_96h,26.69596994280047,False
CMP-000103,ADC,Leakage Current,LOT-18,LOW,0.0,0,NORMAL,0h_24h_96h,5.428189656162278,False
CMP-000104,Driver IC,Propagation Delay,LOT-19,CRITICAL,100.0,1,LATENT_DEFECT,0h_24h_96h,39.029492672394845,True
CMP-000105,Logic IC,Iddq,LOT-07,LOW,15.0,0,NORMAL,0h_24h_96h,11.109664102513225,False
CMP-000106,Memory IC,Standby Current,LOT-07,CRITICAL,100.0,1,LATENT_DEFECT,0h_24h_96h,69.1601656058567,True
CMP-000107,ADC,Leakage Current,LOT-11,LOW,0.0,0,NORMAL,0h_24h_96h,5.548141541281337,False
CMP-000108,Driver IC,Propagation Delay,LOT-02,CRITICAL,100.0,1,LATENT_DEFECT,0h_24h_96h,41.8446450081317,True
CMP-000109,Logic IC,Iddq,LOT-07,LOW,0.0,0,NORMAL,0h_24h_96h,10.448726731349202,False
CMP-000110,Memory IC,Standby Current,LOT-08,CRITICAL,100.0,1,LATENT_DEFECT,0h_24h_96h,69.31168348743174,True
CMP-000111,ADC,Leakage Current,LOT-19,CRITICAL,100.0,1,GRADUAL_DRIFT,0h_24h_96h,20.21370280930309,True
CMP-000112,Driver IC,Propagation Delay,LOT-06,CRITICAL,100.0,1,LATENT_DEFECT,0h_24h_96h,39.90077403520182,True
CMP-000113,Logic IC,Iddq,LOT-17,LOW,0.0,0,NORMAL,0h_24h_96h,10.945842095502645,False
CMP-000114,Memory IC,Standby Current,LOT-02,CRITICAL,100.0,1,GRADUAL_DRIFT,0h_24h_96h,64.58561857607029,True
CMP-000115,ADC,Leakage Current,LOT-14,LOW,21.0,0,NORMAL,0h_24h_96h,5.6354721076079874,False
CMP-000116,Driver IC,Propagation Delay,LOT-18,LOW,0.0,0,NORMAL,0h_24h_96h,18.02767486363583,False
CMP-000117,Logic IC,Iddq,LOT-05,CRITICAL,100.0,1,SUDDEN_ANOMALY,0h_24h_96h,13.391388928968258,True
CMP-000118,Memory IC,Standby Current,LOT-09,LOW,15.0,0,NORMAL,0h_24h_96h,26.64954707245942,False
CMP-000119,ADC,Leakage Current,LOT-08,LOW,15.0,0,NORMAL,0h_24h_96h,5.17334312794596,False
CMP-000120,Driver IC,Propagation Delay,LOT-19,LOW,0.0,0,NORMAL,0h_24h_96h,18.800488503834387,False
CMP-000121,Logic IC,Iddq,LOT-20,CRITICAL,100.0,1,GRADUAL_DRIFT,0h_24h_96h,37.09315518531746,True
CMP-000122,Memory IC,Standby Current,LOT-19,MEDIUM,30.0,0,NORMAL,0h_24h_96h,26.10941339503717,True
CMP-000123,ADC,Leakage Current,LOT-20,MEDIUM,30.0,0,NORMAL,0h_24h_96h,5.465092503857227,True
CMP-000124,Driver IC,Propagation Delay,LOT-08,CRITICAL,100.0,1,LATENT_DEFECT,0h_24h_96h,40.42759769557768,True
CMP-000125,Logic IC,Iddq,LOT-03,CRITICAL,100.0,1,LATENT_DEFECT,0h_24h_96h,40.941129787037084,True
CMP-000126,Memory IC,Standby Current,LOT-09,CRITICAL,100.0,1,LATENT_DEFECT,0h_24h_96h,60.902883188594004,True
CMP-000127,ADC,Leakage Current,LOT-10,CRITICAL,100.0,1,SUDDEN_ANOMALY,0h_24h_96h,7.2330449375228065,True
CMP-000128,Driver IC,Propagation Delay,LOT-07,LOW,0.0,0,NORMAL,0h_24h_96h,18.86118393309025,False
CMP-000129,Logic IC,Iddq,LOT-07,LOW,15.0,0,NORMAL,0h_24h_96h,10.601091483201051,False
CMP-000130,Memory IC,Standby Current,LOT-19,CRITICAL,100.0,1,SUDDEN_ANOMALY,0h_24h_96h,30.825132963316076,True
CMP-000131,ADC,Leakage Current,LOT-03,CRITICAL,100.0,1,SUDDEN_ANOMALY,0h_24h_96h,7.513914001540268,True
CMP-000132,Driver IC,Propagation Delay,LOT-20,LOW,0.0,0,NORMAL,0h_24h_96h,18.457344172017372,False
CMP-000133,Logic IC,Iddq,LOT-02,MEDIUM,36.0,0,NORMAL,0h_24h_96h,10.749498842460314,True
CMP-000134,Memory IC,Standby Current,LOT-01,MEDIUM,30.0,0,NORMAL,0h_24h_96h,26.351677162557603,True
CMP-000135,ADC,Leakage Current,LOT-13,LOW,15.0,0,NORMAL,0h_24h_96h,5.770939957187656,False
CMP-000136,Driver IC,Propagation Delay,LOT-19,CRITICAL,100.0,1,LATENT_DEFECT,0h_24h_96h,39.26419661270347,True
CMP-000137,Logic IC,Iddq,LOT-11,MEDIUM,30.0,0,NORMAL,0h_24h_96h,10.845659769973537,True
CMP-000138,Memory IC,Standby Current,LOT-11,CRITICAL,100.0,1,SUDDEN_ANOMALY,0h_24h_96h,30.955489786814507,True
CMP-000139,ADC,Leakage Current,LOT-10,CRITICAL,100.0,1,GRADUAL_DRIFT,0h_24h_96h,20.924573873639527,True
CMP-000140,Driver IC,Propagation Delay,LOT-13,MEDIUM,30.0,0,NORMAL,0h_24h_96h,18.02767486363583,True
CMP-000141,Logic IC,Iddq,LOT-12,LOW,0.0,0,NORMAL,0h_24h_96h,10.628376494444446,False
CMP-000142,Memory IC,Standby Current,LOT-03,LOW,15.0,0,NORMAL,0h_24h_96h,25.432716296745223,False
CMP-000143,ADC,Leakage Current,LOT-12,LOW,0.0,0,NORMAL,0h_24h_96h,5.680257821478411,False
CMP-000144,Driver IC,Propagation Delay,LOT-15,MEDIUM,30.0,0,NORMAL,0h_24h_96h,19.65909905382621,True
CMP-000145,Logic IC,Iddq,LOT-13,CRITICAL,100.0,1,SUDDEN_ANOMALY,0h_24h_96h,14.505936794922675,True
CMP-000146,Memory IC,Standby Current,LOT-13,MEDIUM,30.0,0,NORMAL,0h_24h_96h,26.334477892034776,True
CMP-000147,ADC,Leakage Current,LOT-14,MEDIUM,30.0,0,NORMAL,0h_24h_96h,5.634191158170341,True
CMP-000148,Driver IC,Propagation Delay,LOT-18,LOW,15.0,0,NORMAL,0h_24h_96h,17.80063121965846,False
CMP-000149,Logic IC,Iddq,LOT-19,CRITICAL,100.0,1,GRADUAL_DRIFT,0h_24h_96h,36.35576615595239,True
CMP-000150,Memory IC,Standby Current,LOT-19,CRITICAL,100.0,1,LATENT_DEFECT,0h_24h_96h,67.71884392469667,True
CMP-000151,ADC,Leakage Current,LOT-18,MEDIUM,30.0,0,NORMAL,0h_24h_96h,5.162052356403067,True
CMP-000152,Driver IC,Propagation Delay,LOT-11,CRITICAL,100.0,1,LATENT_DEFECT,0h_24h_96h,39.35403752659804,True
CMP-000153,Logic IC,Iddq,LOT-09,LOW,0.0,0,NORMAL,0h_24h_96h,10.454441488095238,False
CMP-000154,Memory IC,Standby Current,LOT-10,CRITICAL,100.0,1,SUDDEN_ANOMALY,0h_24h_96h,31.528288060294624,True
CMP-000155,ADC,Leakage Current,LOT-04,CRITICAL,100.0,1,LATENT_DEFECT,0h_24h_96h,21.39512352144369,True
CMP-000156,Driver IC,Propagation Delay,LOT-05,CRITICAL,100.0,1,SUDDEN_ANOMALY,0h_24h_96h,20.898818302267564,True
CMP-000157,Logic IC,Iddq,LOT-20,LOW,0.0,0,NORMAL,0h_24h_96h,10.631600458730155,False
CMP-000158,Memory IC,Standby Current,LOT-05,CRITICAL,100.0,1,LATENT_DEFECT,0h_24h_96h,84.14767708653572,True
CMP-000159,ADC,Leakage Current,LOT-05,CRITICAL,100.0,1,GRADUAL_DRIFT,0h_24h_96h,20.86265372391611,True
CMP-000160,Driver IC,Propagation Delay,LOT-02,CRITICAL,100.0,1,LATENT_DEFECT,0h_24h_96h,35.78812325459592,True
CMP-000161,Logic IC,Iddq,LOT-17,LOW,0.0,0,NORMAL,0h_24h_96h,10.601952323015878,False
CMP-000162,Memory IC,Standby Current,LOT-18,MEDIUM,30.0,0,NORMAL,0h_24h_96h,27.099638759252162,True
CMP-000163,ADC,Leakage Current,LOT-02,CRITICAL,100.0,1,GRADUAL_DRIFT,0h_24h_96h,21.307623942570206,True
CMP-000164,Driver IC,Propagation Delay,LOT-13,MEDIUM,30.0,0,NORMAL,0h_24h_96h,18.72726447776248,True
CMP-000165,Logic IC,Iddq,LOT-02,CRITICAL,100.0,1,LATENT_DEFECT,0h_24h_96h,40.300308647619076,True
CMP-000166,Memory IC,Standby Current,LOT-16,LOW,0.0,0,NORMAL,0h_24h_96h,26.015344263928103,False
CMP-000167,ADC,Leakage Current,LOT-16,CRITICAL,100.0,1,SUDDEN_ANOMALY,0h_24h_96h,6.630757840189009,True
CMP-000168,Driver IC,Propagation Delay,LOT-05,CRITICAL,100.0,1,LATENT_DEFECT,0h_24h_96h,36.50601085509283,True
CMP-000169,Logic IC,Iddq,LOT-16,MEDIUM,30.0,0,NORMAL,0h_24h_96h,10.459525317195766,True
CMP-000170,Memory IC,Standby Current,LOT-05,MEDIUM,30.0,0,NORMAL,0h_24h_96h,26.07657808218052,True
CMP-000171,ADC,Leakage Current,LOT-09,LOW,15.0,0,NORMAL,0h_24h_96h,5.119703770911741,False
CMP-000172,Driver IC,Propagation Delay,LOT-05,LOW,0.0,0,NORMAL,0h_24h_96h,18.189044437000057,False
CMP-000173,Logic IC,Iddq,LOT-08,LOW,0.0,0,NORMAL,0h_24h_96h,10.133656549999996,False
CMP-000174,Memory IC,Standby Current,LOT-20,MEDIUM,30.0,0,NORMAL,0h_24h_96h,26.616103122676485,True
CMP-000175,ADC,Leakage Current,LOT-20,LOW,0.0,0,NORMAL,0h_24h_96h,5.273353752131305,False
CMP-000176,Driver IC,Propagation Delay,LOT-06,CRITICAL,100.0,1,LATENT_DEFECT,0h_24h_96h,42.438868529032945,True
CMP-000177,Logic IC,Iddq,LOT-18,LOW,0.0,0,NORMAL,0h_24h_96h,10.82818339272487,False
CMP-000178,Memory IC,Standby Current,LOT-06,CRITICAL,100.0,1,LATENT_DEFECT,0h_24h_96h,78.67128121127269,True
CMP-000179,ADC,Leakage Current,LOT-04,LOW,21.0,0,NORMAL,0h_24h_96h,5.592964668955887,False
CMP-000180,Driver IC,Propagation Delay,LOT-12,CRITICAL,100.0,1,LATENT_DEFECT,0h_24h_96h,39.16141269225425,True
CMP-000181,Logic IC,Iddq,LOT-04,LOW,0.0,0,NORMAL,0h_24h_96h,10.66367781746032,False
CMP-000182,Memory IC,Standby Current,LOT-01,MEDIUM,30.0,0,NORMAL,0h_24h_96h,25.569215979331954,True
CMP-000183,ADC,Leakage Current,LOT-19,CRITICAL,100.0,1,GRADUAL_DRIFT,0h_24h_96h,19.445145348583445,True
CMP-000184,Driver IC,Propagation Delay,LOT-13,CRITICAL,100.0,1,LATENT_DEFECT,0h_24h_96h,35.757654837240906,True
CMP-000185,Logic IC,Iddq,LOT-14,LOW,0.0,0,NORMAL,0h_24h_96h,10.427434612698413,False
CMP-000186,Memory IC,Standby Current,LOT-08,LOW,0.0,0,NORMAL,0h_24h_96h,25.54984424462383,False
CMP-000187,ADC,Leakage Current,LOT-17,LOW,0.0,0,NORMAL,0h_24h_96h,5.428189656162278,False
CMP-000188,Driver IC,Propagation Delay,LOT-20,MEDIUM,30.0,0,NORMAL,0h_24h_96h,18.277153001701443,True
CMP-000189,Logic IC,Iddq,LOT-10,LOW,0.0,0,NORMAL,0h_24h_96h,10.55670936534391,False
CMP-000190,Memory IC,Standby Current,LOT-05,CRITICAL,100.0,1,LATENT_DEFECT,0h_24h_96h,72.95768382707203,True
CMP-000191,ADC,Leakage Current,LOT-20,LOW,0.0,0,NORMAL,0h_24h_96h,5.378746362122229,False
CMP-000192,Driver IC,Propagation Delay,LOT-20,CRITICAL,100.0,1,SUDDEN_ANOMALY,0h_24h_96h,20.12936715792802,True
CMP-000193,Logic IC,Iddq,LOT-01,CRITICAL,100.0,1,SUDDEN_ANOMALY,0h_24h_96h,14.337227348809526,True
CMP-000194,Memory IC,Standby Current,LOT-19,LOW,15.0,0,NORMAL,0h_24h_96h,27.03984653887437,False
CMP-000195,ADC,Leakage Current,LOT-11,CRITICAL,100.0,1,GRADUAL_DRIFT,0h_24h_96h,22.3033938892935,True
CMP-000196,Driver IC,Propagation Delay,LOT-08,LOW,15.0,0,NORMAL,0h_24h_96h,17.950300688529623,False
CMP-000197,Logic IC,Iddq,LOT-10,LOW,0.0,0,NORMAL,0h_24h_96h,10.573227870634925,False
CMP-000198,Memory IC,Standby Current,LOT-07,MEDIUM,30.0,0,NORMAL,0h_24h_96h,25.268803020716266,True
CMP-000199,ADC,Leakage Current,LOT-05,CRITICAL,100.0,1,SUDDEN_ANOMALY,0h_24h_96h,6.754180458228303,True
CMP-000200,Driver IC,Propagation Delay,LOT-05,CRITICAL,100.0,1,LATENT_DEFECT,0h_24h_96h,41.36911065724677,True
CMP-000201,Logic IC,Iddq,LOT-03,CRITICAL,100.0,1,GRADUAL_DRIFT,0h_24h_96h,35.16297022976189,True
CMP-000202,Memory IC,Standby Current,LOT-01,LOW,0.0,0,NORMAL,0h_24h_96h,26.453547046740166,False
CMP-000203,ADC,Leakage Current,LOT-08,LOW,0.0,0,NORMAL,0h_24h_96h,5.486944492324808,False
CMP-000204,Driver IC,Propagation Delay,LOT-11,MEDIUM,30.0,0,NORMAL,0h_24h_96h,18.810703427754937,True
CMP-000205,Logic IC,Iddq,LOT-06,CRITICAL,100.0,1,LATENT_DEFECT,0h_24h_96h,38.4843664339947,True
CMP-000206,Memory IC,Standby Current,LOT-02,CRITICAL,100.0,1,LATENT_DEFECT,0h_24h_96h,59.37510734851058,True
CMP-000207,ADC,Leakage Current,LOT-18,CRITICAL,100.0,1,SUDDEN_ANOMALY,0h_24h_96h,6.586829578565179,True
CMP-000208,Driver IC,Propagation Delay,LOT-03,LOW,15.0,0,NORMAL,0h_24h_96h,18.870141859997283,False
CMP-000209,Logic IC,Iddq,LOT-18,MEDIUM,30.0,0,NORMAL,0h_24h_96h,10.8939459313492,True
CMP-000210,Memory IC,Standby Current,LOT-07,LOW,0.0,0,NORMAL,0h_24h_96h,26.18480528644554,False
CMP-000211,ADC,Leakage Current,LOT-08,CRITICAL,100.0,1,GRADUAL_DRIFT,0h_24h_96h,18.925575583431275,True
CMP-000212,Driver IC,Propagation Delay,LOT-02,CRITICAL,100.0,1,LATENT_DEFECT,0h_24h_96h,39.8288479305195,True
CMP-000213,Logic IC,Iddq,LOT-16,LOW,0.0,0,NORMAL,0h_24h_96h,10.630715214285718,False
CMP-000214,Memory IC,Standby Current,LOT-13,CRITICAL,100.0,1,LATENT_DEFECT,0h_24h_96h,62.36953628555208,True
CMP-000215,ADC,Leakage Current,LOT-20,LOW,0.0,0,NORMAL,0h_24h_96h,5.448720929685373,False
CMP-000216,Driver IC,Propagation Delay,LOT-19,LOW,0.0,0,NORMAL,0h_24h_96h,18.347795597513027,False
CMP-000217,Logic IC,Iddq,LOT-20,MEDIUM,30.0,0,NORMAL,0h_24h_96h,10.69349171970899,True
CMP-000218,Memory IC,Standby Current,LOT-02,MEDIUM,30.0,0,NORMAL,0h_24h_96h,26.531662339370097,True
CMP-000219,ADC,Leakage Current,LOT-11,CRITICAL,100.0,1,GRADUAL_DRIFT,0h_24h_96h,20.549308142701427,True
CMP-000220,Driver IC,Propagation Delay,LOT-15,LOW,0.0,0,NORMAL,0h_24h_96h,18.70107308760558,False
CMP-000221,Logic IC,Iddq,LOT-02,CRITICAL,100.0,1,GRADUAL_DRIFT,0h_24h_96h,33.72062630740738,True
CMP-000222,Memory IC,Standby Current,LOT-18,MEDIUM,30.0,0,NORMAL,0h_24h_96h,25.904006678815552,True
CMP-000223,ADC,Leakage Current,LOT-03,CRITICAL,100.0,1,SUDDEN_ANOMALY,0h_24h_96h,6.849527386108743,True
CMP-000224,Driver IC,Propagation Delay,LOT-01,LOW,0.0,0,NORMAL,0h_24h_96h,18.436668346406776,False
CMP-000225,Logic IC,Iddq,LOT-05,MEDIUM,30.0,0,NORMAL,0h_24h_96h,10.727740998015872,True
CMP-000226,Memory IC,Standby Current,LOT-05,MEDIUM,30.0,0,NORMAL,0h_24h_96h,26.45301310771929,True
CMP-000227,ADC,Leakage Current,LOT-03,CRITICAL,100.0,1,GRADUAL_DRIFT,0h_24h_96h,20.451160277768615,True
CMP-000228,Driver IC,Propagation Delay,LOT-02,LOW,15.0,0,NORMAL,0h_24h_96h,18.537155797315325,False
CMP-000229,Logic IC,Iddq,LOT-10,CRITICAL,100.0,1,GRADUAL_DRIFT,0h_24h_96h,37.363232026166436,True
CMP-000230,Memory IC,Standby Current,LOT-09,CRITICAL,100.0,1,GRADUAL_DRIFT,0h_24h_96h,63.15950563437229,True
CMP-000231,ADC,Leakage Current,LOT-15,CRITICAL,100.0,1,GRADUAL_DRIFT,0h_24h_96h,16.46839228403512,True
CMP-000232,Driver IC,Propagation Delay,LOT-09,LOW,0.0,0,NORMAL,0h_24h_96h,19.18293067048596,False
CMP-000233,Logic IC,Iddq,LOT-20,LOW,0.0,0,NORMAL,0h_24h_96h,11.072648856613766,False
CMP-000234,Memory IC,Standby Current,LOT-19,MEDIUM,30.0,0,NORMAL,0h_24h_96h,25.7656884163622,True
CMP-000235,ADC,Leakage Current,LOT-15,LOW,15.0,0,NORMAL,0h_24h_96h,5.305663676010106,False
CMP-000236,Driver IC,Propagation Delay,LOT-05,CRITICAL,100.0,1,SUDDEN_ANOMALY,0h_24h_96h,20.529457582300655,True
CMP-000237,Logic IC,Iddq,LOT-19,LOW,0.0,0,NORMAL,0h_24h_96h,11.00598144206349,False
CMP-000238,Memory IC,Standby Current,LOT-12,MEDIUM,30.0,0,NORMAL,0h_24h_96h,27.10097429543791,True
CMP-000239,ADC,Leakage Current,LOT-06,CRITICAL,100.0,1,GRADUAL_DRIFT,0h_24h_96h,20.102077745599743,True
CMP-000240,Driver IC,Propagation Delay,LOT-10,MEDIUM,30.0,0,NORMAL,0h_24h_96h,18.833314703457493,True
CMP-000241,Logic IC,Iddq,LOT-06,LOW,15.0,0,NORMAL,0h_24h_96h,11.010756482539687,False
CMP-000242,Memory IC,Standby Current,LOT-17,LOW,0.0,0,NORMAL,0h_24h_96h,26.072165159435116,False
CMP-000243,ADC,Leakage Current,LOT-11,MEDIUM,41.0,0,NORMAL,0h_24h_96h,5.633290104441474,True
CMP-000244,Driver IC,Propagation Delay,LOT-10,LOW,15.0,0,NORMAL,0h_24h_96h,18.854246382349334,False
CMP-000245,Logic IC,Iddq,LOT-12,LOW,0.0,0,NORMAL,0h_24h_96h,10.71653639246032,False
CMP-000246,Memory IC,Standby Current,LOT-19,LOW,0.0,0,NORMAL,0h_24h_96h,26.685011699424884,False
CMP-000247,ADC,Leakage Current,LOT-06,CRITICAL,100.0,1,GRADUAL_DRIFT,0h_24h_96h,21.279754374573166,True
CMP-000248,Driver IC,Propagation Delay,LOT-06,LOW,0.0,0,NORMAL,0h_24h_96h,18.90381455898575,False
CMP-000249,Logic IC,Iddq,LOT-12,LOW,15.0,0,NORMAL,0h_24h_96h,10.666575011375667,False
CMP-000250,Memory IC,Standby Current,LOT-17,CRITICAL,100.0,1,LATENT_DEFECT,0h_24h_96h,79.13588883984208,True
CMP-000251,ADC,Leakage Current,LOT-08,LOW,0.0,0,NORMAL,0h_24h_96h,5.244389120243729,False
CMP-000252,Driver IC,Propagation Delay,LOT-05,CRITICAL,100.0,1,LATENT_DEFECT,0h_24h_96h,40.58351707672625,True
CMP-000253,Logic IC,Iddq,LOT-12,MEDIUM,30.0,0,NORMAL,0h_24h_96h,11.520745646031745,True
CMP-000254,Memory IC,Standby Current,LOT-13,LOW,0.0,0,NORMAL,0h_24h_96h,26.297473267060408,False
CMP-000255,ADC,Leakage Current,LOT-15,LOW,15.0,0,NORMAL,0h_24h_96h,5.641974328574919,False
CMP-000256,Driver IC,Propagation Delay,LOT-06,CRITICAL,100.0,1,LATENT_DEFECT,0h_24h_96h,38.43085420314527,True
CMP-000257,Logic IC,Iddq,LOT-11,CRITICAL,100.0,1,GRADUAL_DRIFT,0h_24h_96h,42.9512867082011,True
CMP-000258,Memory IC,Standby Current,LOT-17,MEDIUM,36.0,0,NORMAL,0h_24h_96h,25.773725408883077,True
CMP-000259,ADC,Leakage Current,LOT-04,LOW,15.0,0,NORMAL,0h_24h_96h,5.629867516650837,False
CMP-000260,Driver IC,Propagation Delay,LOT-01,CRITICAL,100.0,1,LATENT_DEFECT,0h_24h_96h,39.47921928460248,True
CMP-000261,Logic IC,Iddq,LOT-17,CRITICAL,100.0,1,GRADUAL_DRIFT,0h_24h_96h,38.56134273174601,True
CMP-000262,Memory IC,Standby Current,LOT-17,LOW,0.0,0,NORMAL,0h_24h_96h,25.432716296745223,False
CMP-000263,ADC,Leakage Current,LOT-11,LOW,0.0,0,NORMAL,0h_24h_96h,5.770939957187656,False
CMP-000264,Driver IC,Propagation Delay,LOT-06,CRITICAL,100.0,1,LATENT_DEFECT,0h_24h_96h,39.118940888986636,True
CMP-000265,Logic IC,Iddq,LOT-10,MEDIUM,30.0,0,NORMAL,0h_24h_96h,11.31490300767195,True
CMP-000266,Memory IC,Standby Current,LOT-06,LOW,0.0,0,NORMAL,0h_24h_96h,25.95242057277036,False
CMP-000267,ADC,Leakage Current,LOT-04,LOW,15.0,0,NORMAL,0h_24h_96h,5.541764088245526,False
CMP-000268,Driver IC,Propagation Delay,LOT-15,CRITICAL,100.0,1,LATENT_DEFECT,0h_24h_96h,36.23314687750757,True
CMP-000269,Logic IC,Iddq,LOT-11,LOW,0.0,0,NORMAL,0h_24h_96h,10.819942712987006,False
CMP-000270,Memory IC,Standby Current,LOT-01,CRITICAL,100.0,1,SUDDEN_ANOMALY,0h_24h_96h,32.15786217621765,True
CMP-000271,ADC,Leakage Current,LOT-03,LOW,0.0,0,NORMAL,0h_24h_96h,5.680257821478411,False
CMP-000272,Driver IC,Propagation Delay,LOT-08,LOW,0.0,0,NORMAL,0h_24h_96h,18.432163989495855,False
CMP-000273,Logic IC,Iddq,LOT-12,CRITICAL,100.0,1,GRADUAL_DRIFT,0h_24h_96h,36.29121398888884,True
CMP-000274,Memory IC,Standby Current,LOT-01,CRITICAL,100.0,1,LATENT_DEFECT,0h_24h_96h,66.70679497163458,True
CMP-000275,ADC,Leakage Current,LOT-03,LOW,0.0,0,NORMAL,0h_24h_96h,5.565332993151579,False
CMP-000276,Driver IC,Propagation Delay,LOT-17,LOW,15.0,0,NORMAL,0h_24h_96h,18.594911341386414,False
CMP-000277,Logic IC,Iddq,LOT-19,LOW,15.0,0,NORMAL,0h_24h_96h,11.080542899735443,False
CMP-000278,Memory IC,Standby Current,LOT-11,CRITICAL,100.0,1,GRADUAL_DRIFT,0h_24h_96h,66.6824656733146,True
CMP-000279,ADC,Leakage Current,LOT-10,MEDIUM,30.0,0,NORMAL,0h_24h_96h,5.106936289939692,True
CMP-000280,Driver IC,Propagation Delay,LOT-02,CRITICAL,100.0,1,SUDDEN_ANOMALY,0h_24h_96h,20.3118479711079,True
CMP-000281,Logic IC,Iddq,LOT-11,CRITICAL,100.0,1,GRADUAL_DRIFT,0h_24h_96h,43.48245447222222,True
CMP-000282,Memory IC,Standby Current,LOT-03,MEDIUM,30.0,0,NORMAL,0h_24h_96h,26.280657896472718,True
CMP-000283,ADC,Leakage Current,LOT-01,CRITICAL,100.0,1,GRADUAL_DRIFT,0h_24h_96h,21.501633669283887,True
CMP-000284,Driver IC,Propagation Delay,LOT-13,MEDIUM,30.0,0,NORMAL,0h_24h_96h,18.784833545057662,True
CMP-000285,Logic IC,Iddq,LOT-10,CRITICAL,100.0,1,LATENT_DEFECT,0h_24h_96h,38.05943989484125,True
CMP-000286,Memory IC,Standby Current,LOT-02,CRITICAL,100.0,1,LATENT_DEFECT,0h_24h_96h,68.66397919834726,True
CMP-000287,ADC,Leakage Current,LOT-02,CRITICAL,100.0,1,LATENT_DEFECT,0h_24h_96h,23.41247048060365,True
CMP-000288,Driver IC,Propagation Delay,LOT-17,CRITICAL,100.0,1,LATENT_DEFECT,0h_24h_96h,41.294003634069476,True
CMP-000289,Logic IC,Iddq,LOT-19,LOW,0.0,0,NORMAL,0h_24h_96h,10.580261042255886,False
CMP-000290,Memory IC,Standby Current,LOT-01,LOW,0.0,0,NORMAL,0h_24h_96h,26.54639368342366,False
CMP-000291,ADC,Leakage Current,LOT-16,LOW,0.0,0,NORMAL,0h_24h_96h,5.3504796187301995,False
CMP-000292,Driver IC,Propagation Delay,LOT-14,CRITICAL,100.0,1,SUDDEN_ANOMALY,0h_24h_96h,20.560638389152853,True
CMP-000293,Logic IC,Iddq,LOT-02,LOW,0.0,0,NORMAL,0h_24h_96h,10.765075482539693,False
CMP-000294,Memory IC,Standby Current,LOT-16,LOW,0.0,0,NORMAL,0h_24h_96h,25.459727711258033,False
CMP-000295,ADC,Leakage Current,LOT-10,CRITICAL,100.0,1,SUDDEN_ANOMALY,0h_24h_96h,7.055669678848447,True
CMP-000296,Driver IC,Propagation Delay,LOT-07,CRITICAL,100.0,1,LATENT_DEFECT,0h_24h_96h,38.799209645725135,True
CMP-000297,Logic IC,Iddq,LOT-13,LOW,0.0,0,NORMAL,0h_24h_96h,10.948568247619049,False
CMP-000298,Memory IC,Standby Current,LOT-19,CRITICAL,100.0,1,GRADUAL_DRIFT,0h_24h_96h,65.64586284171698,True
CMP-000299,ADC,Leakage Current,LOT-07,CRITICAL,100.0,1,GRADUAL_DRIFT,0h_24h_96h,17.621465006995507,True
CMP-000300,Driver IC,Propagation Delay,LOT-19,CRITICAL,100.0,1,LATENT_DEFECT,0h_24h_96h,37.168845719494065,True
CMP-000301,Logic IC,Iddq,LOT-01,MEDIUM,30.0,0,NORMAL,0h_24h_96h,11.272811702910058,True
CMP-000302,Memory IC,Standby Current,LOT-16,LOW,15.0,0,NORMAL,0h_24h_96h,25.432716296745223,False
CMP-000303,ADC,Leakage Current,LOT-16,CRITICAL,100.0,1,GRADUAL_DRIFT,0h_24h_96h,20.70498985617681,True
CMP-000304,Driver IC,Propagation Delay,LOT-06,CRITICAL,100.0,1,LATENT_DEFECT,0h_24h_96h,39.021277830675594,True
CMP-000305,Logic IC,Iddq,LOT-17,LOW,15.0,0,NORMAL,0h_24h_96h,10.345583456084656,False
CMP-000306,Memory IC,Standby Current,LOT-07,LOW,0.0,0,NORMAL,0h_24h_96h,26.20608003923904,False
CMP-000307,ADC,Leakage Current,LOT-17,LOW,0.0,0,NORMAL,0h_24h_96h,5.661358741911359,False
CMP-000308,Driver IC,Propagation Delay,LOT-13,LOW,15.0,0,NORMAL,0h_24h_96h,18.586554116671635,False
CMP-000309,Logic IC,Iddq,LOT-10,CRITICAL,100.0,1,SUDDEN_ANOMALY,0h_24h_96h,13.059779173941793,True
CMP-000310,Memory IC,Standby Current,LOT-12,LOW,0.0,0,NORMAL,0h_24h_96h,26.67718520201666,False
CMP-000311,ADC,Leakage Current,LOT-12,LOW,0.0,0,NORMAL,0h_24h_96h,5.770939957187656,False
CMP-000312,Driver IC,Propagation Delay,LOT-05,CRITICAL,100.0,1,LATENT_DEFECT,0h_24h_96h,40.6420893153914,True
CMP-000313,Logic IC,Iddq,LOT-18,MEDIUM,30.0,0,NORMAL,0h_24h_96h,9.909235887698419,True
CMP-000314,Memory IC,Standby Current,LOT-01,CRITICAL,100.0,1,LATENT_DEFECT,0h_24h_96h,63.109062330293526,True
CMP-000315,ADC,Leakage Current,LOT-11,LOW,0.0,0,NORMAL,0h_24h_96h,5.7825941138482335,False
CMP-000316,Driver IC,Propagation Delay,LOT-01,CRITICAL,100.0,1,LATENT_DEFECT,0h_24h_96h,38.46101252798614,True
CMP-000317,Logic IC,Iddq,LOT-05,CRITICAL,100.0,1,GRADUAL_DRIFT,0h_24h_96h,33.201802834920656,True
CMP-000318,Memory IC,Standby Current,LOT-20,CRITICAL,100.0,1,LATENT_DEFECT,0h_24h_96h,67.32146217967134,True
CMP-000319,ADC,Leakage Current,LOT-11,LOW,15.0,0,NORMAL,0h_24h_96h,5.6789768720407645,False
CMP-000320,Driver IC,Propagation Delay,LOT-02,LOW,15.0,0,NORMAL,0h_24h_96h,18.288956521466755,False
CMP-000321,Logic IC,Iddq,LOT-04,MEDIUM,30.0,0,NORMAL,0h_24h_96h,10.410246858333323,True
CMP-000322,Memory IC,Standby Current,LOT-12,CRITICAL,100.0,1,LATENT_DEFECT,0h_24h_96h,77.16926793536219,True
CMP-000323,ADC,Leakage Current,LOT-06,LOW,0.0,0,NORMAL,0h_24h_96h,5.1864423578069285,False
CMP-000324,Driver IC,Propagation Delay,LOT-19,LOW,0.0,0,NORMAL,0h_24h_96h,18.510795721329828,False
CMP-000325,Logic IC,Iddq,LOT-09,CRITICAL,100.0,1,GRADUAL_DRIFT,0h_24h_96h,37.283444730820115,True
CMP-000326,Memory IC,Standby Current,LOT-19,CRITICAL,100.0,1,GRADUAL_DRIFT,0h_24h_96h,66.97458249660453,True
CMP-000327,ADC,Leakage Current,LOT-08,CRITICAL,100.0,1,GRADUAL_DRIFT,0h_24h_96h,20.51742905218963,True
CMP-000328,Driver IC,Propagation Delay,LOT-01,CRITICAL,100.0,1,SUDDEN_ANOMALY,0h_24h_96h,21.25052542672406,True
CMP-000329,Logic IC,Iddq,LOT-12,LOW,0.0,0,NORMAL,0h_24h_96h,10.917606933201064,False
CMP-000330,Memory IC,Standby Current,LOT-08,CRITICAL,100.0,1,LATENT_DEFECT,0h_24h_96h,67.13929851554754,True
CMP-000331,ADC,Leakage Current,LOT-03,LOW,0.0,0,NORMAL,0h_24h_96h,5.361137373539641,False
CMP-000332,Driver IC,Propagation Delay,LOT-07,LOW,0.0,0,NORMAL,0h_24h_96h,18.840771469589967,False
CMP-000333,Logic IC,Iddq,LOT-07,LOW,0.0,0,NORMAL,0h_24h_96h,11.034750105423273,False
CMP-000334,Memory IC,Standby Current,LOT-17,MEDIUM,30.0,0,NORMAL,0h_24h_96h,27.335100505144144,True
CMP-000335,ADC,Leakage Current,LOT-20,CRITICAL,100.0,1,GRADUAL_DRIFT,0h_24h_96h,21.62673608968785,True
CMP-000336,Driver IC,Propagation Delay,LOT-08,LOW,0.0,0,NORMAL,0h_24h_96h,18.36427636808337,False
CMP-000337,Logic IC,Iddq,LOT-06,LOW,0.0,0,NORMAL,0h_24h_96h,10.616438367063488,False
CMP-000338,Memory IC,Standby Current,LOT-05,LOW,0.0,0,NORMAL,0h_24h_96h,26.19902346605991,False
CMP-000339,ADC,Leakage Current,LOT-05,CRITICAL,100.0,1,GRADUAL_DRIFT,0h_24h_96h,18.747864800476815,True
CMP-000340,Driver IC,Propagation Delay,LOT-03,CRITICAL,100.0,1,LATENT_DEFECT,0h_24h_96h,42.806111748767556,True
CMP-000341,Logic IC,Iddq,LOT-19,LOW,15.0,0,NORMAL,0h_24h_96h,11.129113055687839,False
CMP-000342,Memory IC,Standby Current,LOT-05,MEDIUM,30.0,0,NORMAL,0h_24h_96h,26.34111580880986,True
CMP-000343,ADC,Leakage Current,LOT-01,CRITICAL,100.0,1,LATENT_DEFECT,0h_24h_96h,21.38064030170117,True
CMP-000344,Driver IC,Propagation Delay,LOT-07,MEDIUM,30.0,0,NORMAL,0h_24h_96h,19.211575805769552,True
CMP-000345,Logic IC,Iddq,LOT-05,LOW,15.0,0,NORMAL,0h_24h_96h,10.386244739682539,False
CMP-000346,Memory IC,Standby Current,LOT-16,LOW,15.0,0,NORMAL,0h_24h_96h,26.416461754462528,False
CMP-000347,ADC,Leakage Current,LOT-09,MEDIUM,30.0,0,NORMAL,0h_24h_96h,5.548141541281337,True
CMP-000348,Driver IC,Propagation Delay,LOT-17,CRITICAL,100.0,1,LATENT_DEFECT,0h_24h_96h,41.46778983450327,True
CMP-000349,Logic IC,Iddq,LOT-20,LOW,0.0,0,NORMAL,0h_24h_96h,11.069404972883598,False
CMP-000350,Memory IC,Standby Current,LOT-16,LOW,0.0,0,NORMAL,0h_24h_96h,25.695990481891368,False
CMP-000351,ADC,Leakage Current,LOT-05,MEDIUM,35.0,0,NORMAL,0h_24h_96h,4.852313991693493,True
CMP-000352,Driver IC,Propagation Delay,LOT-04,CRITICAL,100.0,1,SUDDEN_ANOMALY,0h_24h_96h,21.30936306893776,True
CMP-000353,Logic IC,Iddq,LOT-14,CRITICAL,100.0,1,SUDDEN_ANOMALY,0h_24h_96h,15.72927328062769,True
CMP-000354,Memory IC,Standby Current,LOT-02,LOW,0.0,0,NORMAL,0h_24h_96h,26.364380869396633,False
CMP-000355,ADC,Leakage Current,LOT-06,LOW,0.0,0,NORMAL,0h_24h_96h,5.143415660579808,False
CMP-000356,Driver IC,Propagation Delay,LOT-05,MEDIUM,30.0,0,NORMAL,0h_24h_96h,18.976639525691823,True
CMP-000357,Logic IC,Iddq,LOT-03,CRITICAL,100.0,1,GRADUAL_DRIFT,0h_24h_96h,36.74823885939151,True
CMP-000358,Memory IC,Standby Current,LOT-11,LOW,15.0,0,NORMAL,0h_24h_96h,25.744411840950793,False
CMP-000359,ADC,Leakage Current,LOT-02,CRITICAL,100.0,1,GRADUAL_DRIFT,0h_24h_96h,19.723565795881402,True
CMP-000360,Driver IC,Propagation Delay,LOT-13,CRITICAL,100.0,1,LATENT_DEFECT,0h_24h_96h,39.28445226455285,True
CMP-000361,Logic IC,Iddq,LOT-12,MEDIUM,30.0,0,NORMAL,0h_24h_96h,10.84802601851852,True
CMP-000362,Memory IC,Standby Current,LOT-07,CRITICAL,100.0,1,SUDDEN_ANOMALY,0h_24h_96h,31.77913293076889,True
CMP-000363,ADC,Leakage Current,LOT-02,MEDIUM,30.0,0,NORMAL,0h_24h_96h,5.362502402922548,True
CMP-000364,Driver IC,Propagation Delay,LOT-17,LOW,15.0,0,NORMAL,0h_24h_96h,18.6380297130579,False
CMP-000365,Logic IC,Iddq,LOT-14,LOW,0.0,0,NORMAL,0h_24h_96h,10.884478895634922,False
CMP-000366,Memory IC,Standby Current,LOT-17,CRITICAL,100.0,1,LATENT_DEFECT,0h_24h_96h,65.98884346579396,True
CMP-000367,ADC,Leakage Current,LOT-14,MEDIUM,41.0,0,NORMAL,0h_24h_96h,5.641172970616948,True
CMP-000368,Driver IC,Propagation Delay,LOT-11,LOW,0.0,0,NORMAL,0h_24h_96h,18.854933497292837,False
CMP-000369,Logic IC,Iddq,LOT-07,CRITICAL,100.0,1,GRADUAL_DRIFT,0h_24h_96h,39.12048930091576,True
CMP-000370,Memory IC,Standby Current,LOT-20,MEDIUM,30.0,0,NORMAL,0h_24h_96h,25.700678456805925,True
CMP-000371,ADC,Leakage Current,LOT-15,LOW,0.0,0,NORMAL,0h_24h_96h,5.531066914160713,False
CMP-000372,Driver IC,Propagation Delay,LOT-04,MEDIUM,30.0,0,NORMAL,0h_24h_96h,17.890329939097715,True
CMP-000373,Logic IC,Iddq,LOT-01,LOW,0.0,0,NORMAL,0h_24h_96h,10.542282972534865,False
CMP-000374,Memory IC,Standby Current,LOT-05,LOW,15.0,0,NORMAL,0h_24h_96h,25.432716296745223,False
CMP-000375,ADC,Leakage Current,LOT-06,LOW,0.0,0,NORMAL,0h_24h_96h,5.1006469434677815,False
CMP-000376,Driver IC,Propagation Delay,LOT-11,CRITICAL,100.0,1,LATENT_DEFECT,0h_24h_96h,38.56202300517438,True
CMP-000377,Logic IC,Iddq,LOT-17,CRITICAL,100.0,1,LATENT_DEFECT,0h_24h_96h,40.61935473915343,True
CMP-000378,Memory IC,Standby Current,LOT-17,CRITICAL,100.0,1,SUDDEN_ANOMALY,0h_24h_96h,29.53448000411925,True
CMP-000379,ADC,Leakage Current,LOT-09,CRITICAL,100.0,1,GRADUAL_DRIFT,0h_24h_96h,19.3218260285051,True
CMP-000380,Driver IC,Propagation Delay,LOT-17,CRITICAL,100.0,1,LATENT_DEFECT,0h_24h_96h,36.19654828778484,True
CMP-000381,Logic IC,Iddq,LOT-04,CRITICAL,100.0,1,GRADUAL_DRIFT,0h_24h_96h,37.600431412830694,True
CMP-000382,Memory IC,Standby Current,LOT-08,CRITICAL,100.0,1,LATENT_DEFECT,0h_24h_96h,71.14699958653263,True
CMP-000383,ADC,Leakage Current,LOT-12,LOW,0.0,0,NORMAL,0h_24h_96h,5.5768121637363715,False
CMP-000384,Driver IC,Propagation Delay,LOT-14,LOW,0.0,0,NORMAL,0h_24h_96h,18.506083448316005,False
CMP-000385,Logic IC,Iddq,LOT-12,CRITICAL,100.0,1,SUDDEN_ANOMALY,0h_24h_96h,14.37820430291006,True
CMP-000386,Memory IC,Standby Current,LOT-18,LOW,0.0,0,NORMAL,0h_24h_96h,25.766222957543206,False
CMP-000387,ADC,Leakage Current,LOT-02,LOW,0.0,0,NORMAL,0h_24h_96h,5.428189656162278,False
CMP-000388,Driver IC,Propagation Delay,LOT-08,LOW,0.0,0,NORMAL,0h_24h_96h,18.54459418302835,False
CMP-000389,Logic IC,Iddq,LOT-15,LOW,0.0,0,NORMAL,0h_24h_96h,10.612691480555565,False
CMP-000390,Memory IC,Standby Current,LOT-01,CRITICAL,100.0,1,GRADUAL_DRIFT,0h_24h_96h,64.71125198442657,True
CMP-000391,ADC,Leakage Current,LOT-19,LOW,15.0,0,NORMAL,0h_24h_96h,5.472127379803007,False
CMP-000392,Driver IC,Propagation Delay,LOT-03,LOW,0.0,0,NORMAL,0h_24h_96h,18.538719389980297,False
CMP-000393,Logic IC,Iddq,LOT-11,CRITICAL,100.0,1,GRADUAL_DRIFT,0h_24h_96h,33.176085318253996,True
CMP-000394,Memory IC,Standby Current,LOT-09,MEDIUM,30.0,0,NORMAL,0h_24h_96h,26.30367699574638,True
CMP-000395,ADC,Leakage Current,LOT-09,MEDIUM,41.0,0,NORMAL,0h_24h_96h,5.258427196934136,True
CMP-000396,Driver IC,Propagation Delay,LOT-06,MEDIUM,30.0,0,NORMAL,0h_24h_96h,19.047656996925685,True
CMP-000397,Logic IC,Iddq,LOT-06,MEDIUM,36.0,0,NORMAL,0h_24h_96h,10.343473076455037,True
CMP-000398,Memory IC,Standby Current,LOT-03,CRITICAL,100.0,1,LATENT_DEFECT,0h_24h_96h,71.44887771840098,True
CMP-000399,ADC,Leakage Current,LOT-02,LOW,26.0,0,NORMAL,0h_24h_96h,5.302639791876063,False
CMP-000400,Driver IC,Propagation Delay,LOT-05,CRITICAL,100.0,1,SUDDEN_ANOMALY,0h_24h_96h,20.65360218841614,True
CMP-000401,Logic IC,Iddq,LOT-09,CRITICAL,100.0,1,GRADUAL_DRIFT,0h_24h_96h,36.02240820965611,True
CMP-000402,Memory IC,Standby Current,LOT-09,LOW,0.0,0,NORMAL,0h_24h_96h,26.768864698704316,False
CMP-000403,ADC,Leakage Current,LOT-17,MEDIUM,30.0,0,NORMAL,0h_24h_96h,5.96469242585481,True
CMP-000404,Driver IC,Propagation Delay,LOT-16,CRITICAL,100.0,1,SUDDEN_ANOMALY,0h_24h_96h,20.040719680065735,True
CMP-000405,Logic IC,Iddq,LOT-16,LOW,0.0,0,NORMAL,0h_24h_96h,10.585598339285715,False
CMP-000406,Memory IC,Standby Current,LOT-11,CRITICAL,100.0,1,LATENT_DEFECT,0h_24h_96h,69.661620068785,True
CMP-000407,ADC,Leakage Current,LOT-16,CRITICAL,100.0,1,SUDDEN_ANOMALY,0h_24h_96h,6.859018588716908,True
CMP-000408,Driver IC,Propagation Delay,LOT-11,CRITICAL,100.0,1,LATENT_DEFECT,0h_24h_96h,36.5750635526588,True
CMP-000409,Logic IC,Iddq,LOT-05,CRITICAL,100.0,1,SUDDEN_ANOMALY,0h_24h_96h,13.2777021026455,True
CMP-000410,Memory IC,Standby Current,LOT-10,MEDIUM,30.0,0,NORMAL,0h_24h_96h,25.498414764762515,True
CMP-000411,ADC,Leakage Current,LOT-16,CRITICAL,100.0,1,SUDDEN_ANOMALY,0h_24h_96h,6.630757840189009,True
CMP-000412,Driver IC,Propagation Delay,LOT-10,MEDIUM,36.0,0,NORMAL,0h_24h_96h,18.442295775728134,True
CMP-000413,Logic IC,Iddq,LOT-11,MEDIUM,41.0,0,NORMAL,0h_24h_96h,11.136700965476182,True
CMP-000414,Memory IC,Standby Current,LOT-04,MEDIUM,30.0,0,NORMAL,0h_24h_96h,26.62910917699308,True
CMP-000415,ADC,Leakage Current,LOT-10,MEDIUM,35.0,0,NORMAL,0h_24h_96h,5.263534602504796,True
CMP-000416,Driver IC,Propagation Delay,LOT-10,CRITICAL,100.0,1,LATENT_DEFECT,0h_24h_96h,40.047205078943136,True
CMP-000417,Logic IC,Iddq,LOT-20,CRITICAL,100.0,1,SUDDEN_ANOMALY,0h_24h_96h,13.265330817063498,True
CMP-000418,Memory IC,Standby Current,LOT-20,MEDIUM,30.0,0,NORMAL,0h_24h_96h,25.432716296745223,True
CMP-000419,ADC,Leakage Current,LOT-16,CRITICAL,100.0,1,LATENT_DEFECT,0h_24h_96h,22.54898275651697,True
CMP-000420,Driver IC,Propagation Delay,LOT-11,LOW,15.0,0,NORMAL,0h_24h_96h,18.744797111651273,False
CMP-000421,Logic IC,Iddq,LOT-16,CRITICAL,100.0,1,LATENT_DEFECT,0h_24h_96h,37.54943998465608,True
CMP-000422,Memory IC,Standby Current,LOT-12,CRITICAL,100.0,1,LATENT_DEFECT,0h_24h_96h,73.54608722673811,True
CMP-000423,ADC,Leakage Current,LOT-13,LOW,15.0,0,NORMAL,0h_24h_96h,5.353254507364167,False
CMP-000424,Driver IC,Propagation Delay,LOT-07,MEDIUM,30.0,0,NORMAL,0h_24h_96h,18.02767486363583,True
CMP-000425,Logic IC,Iddq,LOT-10,CRITICAL,100.0,1,GRADUAL_DRIFT,0h_24h_96h,33.7993599108465,True
CMP-000426,Memory IC,Standby Current,LOT-14,CRITICAL,100.0,1,LATENT_DEFECT,0h_24h_96h,67.65446961666478,True
CMP-000427,ADC,Leakage Current,LOT-09,CRITICAL,100.0,1,GRADUAL_DRIFT,0h_24h_96h,21.13642666950731,True
CMP-000428,Driver IC,Propagation Delay,LOT-17,MEDIUM,30.0,0,NORMAL,0h_24h_96h,18.882171507603207,True
CMP-000429,Logic IC,Iddq,LOT-03,MEDIUM,36.0,0,NORMAL,0h_24h_96h,10.498707026587295,True
CMP-000430,Memory IC,Standby Current,LOT-20,LOW,15.0,0,NORMAL,0h_24h_96h,26.708367360190778,False
CMP-000431,ADC,Leakage Current,LOT-12,LOW,15.0,0,NORMAL,0h_24h_96h,5.770939957187656,False
CMP-000432,Driver IC,Propagation Delay,LOT-03,LOW,0.0,0,NORMAL,0h_24h_96h,18.749939826088276,False
CMP-000433,Logic IC,Iddq,LOT-20,LOW,0.0,0,NORMAL,0h_24h_96h,10.169226281349207,False
CMP-000434,Memory IC,Standby Current,LOT-05,CRITICAL,100.0,1,LATENT_DEFECT,0h_24h_96h,73.83630221853159,True
CMP-000435,ADC,Leakage Current,LOT-06,LOW,6.0,0,NORMAL,0h_24h_96h,5.247166094346527,False
CMP-000436,Driver IC,Propagation Delay,LOT-14,CRITICAL,100.0,1,LATENT_DEFECT,0h_24h_96h,35.56573251952092,True
CMP-000437,Logic IC,Iddq,LOT-06,CRITICAL,100.0,1,GRADUAL_DRIFT,0h_24h_96h,38.396692302380906,True
CMP-000438,Memory IC,Standby Current,LOT-10,CRITICAL,100.0,1,LATENT_DEFECT,0h_24h_96h,69.34701459574764,True
CMP-000439,ADC,Leakage Current,LOT-09,CRITICAL,100.0,1,GRADUAL_DRIFT,0h_24h_96h,19.00945454303317,True
CMP-000440,Driver IC,Propagation Delay,LOT-04,MEDIUM,30.0,0,NORMAL,0h_24h_96h,18.825835026681467,True
CMP-000441,Logic IC,Iddq,LOT-09,MEDIUM,30.0,0,NORMAL,0h_24h_96h,11.430044409523811,True
CMP-000442,Memory IC,Standby Current,LOT-19,LOW,0.0,0,NORMAL,0h_24h_96h,26.188131793485127,False
CMP-000443,ADC,Leakage Current,LOT-01,CRITICAL,100.0,1,SUDDEN_ANOMALY,0h_24h_96h,7.280572600114118,True
CMP-000444,Driver IC,Propagation Delay,LOT-08,LOW,0.0,0,NORMAL,0h_24h_96h,18.538719389980297,False
CMP-000445,Logic IC,Iddq,LOT-01,LOW,0.0,0,NORMAL,0h_24h_96h,10.819128130423284,False
CMP-000446,Memory IC,Standby Current,LOT-09,CRITICAL,100.0,1,LATENT_DEFECT,0h_24h_96h,69.24559221026432,True
CMP-000447,ADC,Leakage Current,LOT-11,LOW,0.0,0,NORMAL,0h_24h_96h,5.770939957187656,False
CMP-000448,Driver IC,Propagation Delay,LOT-07,LOW,15.0,0,NORMAL,0h_24h_96h,18.039044674331695,False
CMP-000449,Logic IC,Iddq,LOT-01,LOW,15.0,0,NORMAL,0h_24h_96h,10.952078897883597,False
CMP-000450,Memory IC,Standby Current,LOT-01,LOW,0.0,0,NORMAL,0h_24h_96h,25.979852787281953,False
CMP-000451,ADC,Leakage Current,LOT-18,LOW,0.0,0,NORMAL,0h_24h_96h,5.255934353730424,False
CMP-000452,Driver IC,Propagation Delay,LOT-02,LOW,0.0,0,NORMAL,0h_24h_96h,18.366537380386326,False
CMP-000453,Logic IC,Iddq,LOT-14,LOW,0.0,0,NORMAL,0h_24h_96h,10.757852693494478,False
CMP-000454,Memory IC,Standby Current,LOT-13,CRITICAL,100.0,1,LATENT_DEFECT,0h_24h_96h,66.81755051412071,True
CMP-000455,ADC,Leakage Current,LOT-07,MEDIUM,30.0,0,NORMAL,0h_24h_96h,5.982433956956947,True
CMP-000456,Driver IC,Propagation Delay,LOT-08,MEDIUM,30.0,0,NORMAL,0h_24h_96h,17.675585372135142,True
CMP-000457,Logic IC,Iddq,LOT-15,MEDIUM,30.0,0,NORMAL,0h_24h_96h,10.21474502539682,True
CMP-000458,Memory IC,Standby Current,LOT-10,LOW,0.0,0,NORMAL,0h_24h_96h,26.186185682410958,False
CMP-000459,ADC,Leakage Current,LOT-12,MEDIUM,30.0,0,NORMAL,0h_24h_96h,5.770939957187656,True
CMP-000460,Driver IC,Propagation Delay,LOT-18,LOW,0.0,0,NORMAL,0h_24h_96h,18.373857552053753,False
CMP-000461,Logic IC,Iddq,LOT-19,CRITICAL,100.0,1,GRADUAL_DRIFT,0h_24h_96h,34.665351215079355,True
CMP-000462,Memory IC,Standby Current,LOT-11,CRITICAL,100.0,1,LATENT_DEFECT,0h_24h_96h,71.01867903909691,True
CMP-000463,ADC,Leakage Current,LOT-07,MEDIUM,30.0,0,NORMAL,0h_24h_96h,5.5796327665418595,True
CMP-000464,Driver IC,Propagation Delay,LOT-01,LOW,0.0,0,NORMAL,0h_24h_96h,19.017010780122416,False
CMP-000465,Logic IC,Iddq,LOT-13,CRITICAL,100.0,1,SUDDEN_ANOMALY,0h_24h_96h,14.446968736556038,True
CMP-000466,Memory IC,Standby Current,LOT-13,LOW,0.0,0,NORMAL,0h_24h_96h,26.54201628115531,False
CMP-000467,ADC,Leakage Current,LOT-14,LOW,15.0,0,NORMAL,0h_24h_96h,5.857792842321246,False
CMP-000468,Driver IC,Propagation Delay,LOT-14,MEDIUM,30.0,0,NORMAL,0h_24h_96h,19.62366542387432,True
CMP-000469,Logic IC,Iddq,LOT-15,LOW,0.0,0,NORMAL,0h_24h_96h,10.657210021031739,False
CMP-000470,Memory IC,Standby Current,LOT-12,MEDIUM,30.0,0,NORMAL,0h_24h_96h,26.727569150256986,True
CMP-000471,ADC,Leakage Current,LOT-13,LOW,21.0,0,NORMAL,0h_24h_96h,5.6738803684426,False
CMP-000472,Driver IC,Propagation Delay,LOT-20,LOW,0.0,0,NORMAL,0h_24h_96h,18.432163989495855,False
CMP-000473,Logic IC,Iddq,LOT-08,MEDIUM,30.0,0,NORMAL,0h_24h_96h,10.913592634523809,True
CMP-000474,Memory IC,Standby Current,LOT-06,LOW,0.0,0,NORMAL,0h_24h_96h,25.432716296745223,False
CMP-000475,ADC,Leakage Current,LOT-01,LOW,0.0,0,NORMAL,0h_24h_96h,5.255934353730424,False
CMP-000476,Driver IC,Propagation Delay,LOT-16,CRITICAL,100.0,1,LATENT_DEFECT,0h_24h_96h,37.01134188760627,True
CMP-000477,Logic IC,Iddq,LOT-16,LOW,0.0,0,NORMAL,0h_24h_96h,10.511035810113029,False
CMP-000478,Memory IC,Standby Current,LOT-16,CRITICAL,100.0,1,GRADUAL_DRIFT,0h_24h_96h,63.34955322836606,True
CMP-000479,ADC,Leakage Current,LOT-07,MEDIUM,30.0,0,NORMAL,0h_24h_96h,5.6789768720407645,True
CMP-000480,Driver IC,Propagation Delay,LOT-10,CRITICAL,100.0,1,LATENT_DEFECT,0h_24h_96h,39.8397621061473,True
CMP-000481,Logic IC,Iddq,LOT-08,CRITICAL,100.0,1,GRADUAL_DRIFT,0h_24h_96h,40.66786459788359,True
CMP-000482,Memory IC,Standby Current,LOT-01,CRITICAL,100.0,1,GRADUAL_DRIFT,0h_24h_96h,67.19390986346133,True
CMP-000483,ADC,Leakage Current,LOT-13,LOW,0.0,0,NORMAL,0h_24h_96h,5.428189656162278,False
CMP-000484,Driver IC,Propagation Delay,LOT-01,CRITICAL,100.0,1,LATENT_DEFECT,0h_24h_96h,36.08616314191381,True
CMP-000485,Logic IC,Iddq,LOT-15,LOW,0.0,0,NORMAL,0h_24h_96h,10.878246752645499,False
CMP-000486,Memory IC,Standby Current,LOT-16,MEDIUM,30.0,0,NORMAL,0h_24h_96h,25.860152406835795,True
CMP-000487,ADC,Leakage Current,LOT-02,CRITICAL,100.0,1,GRADUAL_DRIFT,0h_24h_96h,20.10653071264443,True
CMP-000488,Driver IC,Propagation Delay,LOT-03,CRITICAL,100.0,1,SUDDEN_ANOMALY,0h_24h_96h,21.38033101238398,True
CMP-000489,Logic IC,Iddq,LOT-06,LOW,0.0,0,NORMAL,0h_24h_96h,10.284859685317462,False
CMP-000490,Memory IC,Standby Current,LOT-03,LOW,0.0,0,NORMAL,0h_24h_96h,26.541785662041285,False
CMP-000491,ADC,Leakage Current,LOT-07,CRITICAL,100.0,1,LATENT_DEFECT,0h_24h_96h,23.082780024402823,True
CMP-000492,Driver IC,Propagation Delay,LOT-12,CRITICAL,100.0,1,LATENT_DEFECT,0h_24h_96h,42.09070942301216,True
CMP-000493,Logic IC,Iddq,LOT-20,LOW,0.0,0,NORMAL,0h_24h_96h,10.78356330462963,False
CMP-000494,Memory IC,Standby Current,LOT-20,CRITICAL,100.0,1,LATENT_DEFECT,0h_24h_96h,65.78212906753218,True
CMP-000495,ADC,Leakage Current,LOT-11,CRITICAL,100.0,1,GRADUAL_DRIFT,0h_24h_96h,19.141380195420616,True
CMP-000496,Driver IC,Propagation Delay,LOT-07,CRITICAL,100.0,1,SUDDEN_ANOMALY,0h_24h_96h,20.566657500835692,True
CMP-000497,Logic IC,Iddq,LOT-19,LOW,0.0,0,NORMAL,0h_24h_96h,10.577115014417991,False
CMP-000498,Memory IC,Standby Current,LOT-13,CRITICAL,100.0,1,LATENT_DEFECT,0h_24h_96h,68.67209394971054,True
CMP-000499,ADC,Leakage Current,LOT-16,LOW,15.0,0,NORMAL,0h_24h_96h,5.290537445830364,False
CMP-000500,Driver IC,Propagation Delay,LOT-15,CRITICAL,100.0,1,LATENT_DEFECT,0h_24h_96h,41.253084293296716,True
CMP-000501,Logic IC,Iddq,LOT-01,MEDIUM,30.0,0,NORMAL,0h_24h_96h,11.273872892989413,True
CMP-000502,Memory IC,Standby Current,LOT-17,CRITICAL,100.0,1,LATENT_DEFECT,0h_24h_96h,63.716230884987084,True
CMP-000503,ADC,Leakage Current,LOT-05,CRITICAL,100.0,1,SUDDEN_ANOMALY,0h_24h_96h,6.672026290588987,True
CMP-000504,Driver IC,Propagation Delay,LOT-12,MEDIUM,30.0,0,NORMAL,0h_24h_96h,18.139512157740253,True
CMP-000505,Logic IC,Iddq,LOT-03,MEDIUM,41.0,0,NORMAL,0h_24h_96h,10.848290510978845,True
CMP-000506,Memory IC,Standby Current,LOT-16,LOW,0.0,0,NORMAL,0h_24h_96h,25.946879396278405,False
CMP-000507,ADC,Leakage Current,LOT-17,CRITICAL,100.0,1,GRADUAL_DRIFT,0h_24h_96h,19.473742345571225,True
CMP-000508,Driver IC,Propagation Delay,LOT-14,CRITICAL,100.0,1,SUDDEN_ANOMALY,0h_24h_96h,21.535551947233433,True
CMP-000509,Logic IC,Iddq,LOT-18,LOW,0.0,0,NORMAL,0h_24h_96h,10.846044433597871,False
CMP-000510,Memory IC,Standby Current,LOT-04,CRITICAL,100.0,1,LATENT_DEFECT,0h_24h_96h,69.27453685028122,True
CMP-000511,ADC,Leakage Current,LOT-19,LOW,0.0,0,NORMAL,0h_24h_96h,5.629867516650837,False
CMP-000512,Driver IC,Propagation Delay,LOT-14,LOW,15.0,0,NORMAL,0h_24h_96h,18.96815027150028,False
CMP-000513,Logic IC,Iddq,LOT-19,LOW,0.0,0,NORMAL,0h_24h_96h,11.11381663134921,False
CMP-000514,Memory IC,Standby Current,LOT-20,LOW,0.0,0,NORMAL,0h_24h_96h,26.758156621833958,False
CMP-000515,ADC,Leakage Current,LOT-13,LOW,15.0,0,NORMAL,0h_24h_96h,5.2080945268762875,False
CMP-000516,Driver IC,Propagation Delay,LOT-12,LOW,0.0,0,NORMAL,0h_24h_96h,18.481324803098214,False
CMP-000517,Logic IC,Iddq,LOT-01,CRITICAL,100.0,1,GRADUAL_DRIFT,0h_24h_96h,37.449161449951895,True
CMP-000518,Memory IC,Standby Current,LOT-12,CRITICAL,100.0,1,LATENT_DEFECT,0h_24h_96h,65.81154995644157,True
CMP-000519,ADC,Leakage Current,LOT-06,LOW,15.0,0,NORMAL,0h_24h_96h,5.015624494396983,False
CMP-000520,Driver IC,Propagation Delay,LOT-04,LOW,15.0,0,NORMAL,0h_24h_96h,18.998940714594383,False
CMP-000521,Logic IC,Iddq,LOT-15,CRITICAL,100.0,1,GRADUAL_DRIFT,0h_24h_96h,35.040858061375665,True
CMP-000522,Memory IC,Standby Current,LOT-15,CRITICAL,100.0,1,SUDDEN_ANOMALY,0h_24h_96h,30.445543689472757,True
CMP-000523,ADC,Leakage Current,LOT-09,CRITICAL,100.0,1,GRADUAL_DRIFT,0h_24h_96h,18.755592507388307,True
CMP-000524,Driver IC,Propagation Delay,LOT-12,CRITICAL,100.0,1,LATENT_DEFECT,0h_24h_96h,40.1796380445451,True
CMP-000525,Logic IC,Iddq,LOT-07,LOW,0.0,0,NORMAL,0h_24h_96h,10.850828312962962,False
CMP-000526,Memory IC,Standby Current,LOT-15,LOW,0.0,0,NORMAL,0h_24h_96h,25.742373631112297,False
CMP-000527,ADC,Leakage Current,LOT-06,LOW,0.0,0,NORMAL,0h_24h_96h,5.167838733681859,False
CMP-000528,Driver IC,Propagation Delay,LOT-04,LOW,0.0,0,NORMAL,0h_24h_96h,18.930006234294545,False
CMP-000529,Logic IC,Iddq,LOT-20,MEDIUM,30.0,0,NORMAL,0h_24h_96h,10.42786783611111,True
CMP-000530,Memory IC,Standby Current,LOT-13,LOW,0.0,0,NORMAL,0h_24h_96h,26.765193855920202,False
CMP-000531,ADC,Leakage Current,LOT-02,CRITICAL,100.0,1,LATENT_DEFECT,0h_24h_96h,25.47560200634668,True
CMP-000532,Driver IC,Propagation Delay,LOT-03,LOW,0.0,0,NORMAL,0h_24h_96h,18.76729881267605,False
CMP-000533,Logic IC,Iddq,LOT-20,LOW,0.0,0,NORMAL,0h_24h_96h,11.025994011243393,False
CMP-000534,Memory IC,Standby Current,LOT-14,CRITICAL,100.0,1,LATENT_DEFECT,0h_24h_96h,75.77756371644229,True
CMP-000535,ADC,Leakage Current,LOT-16,CRITICAL,100.0,1,GRADUAL_DRIFT,0h_24h_96h,20.023467771415103,True
CMP-000536,Driver IC,Propagation Delay,LOT-04,LOW,0.0,0,NORMAL,0h_24h_96h,19.21628007334732,False
CMP-000537,Logic IC,Iddq,LOT-07,MEDIUM,41.0,0,NORMAL,0h_24h_96h,10.789681469841264,True
CMP-000538,Memory IC,Standby Current,LOT-13,CRITICAL,100.0,1,GRADUAL_DRIFT,0h_24h_96h,64.81735572784397,True
CMP-000539,ADC,Leakage Current,LOT-08,CRITICAL,100.0,1,SUDDEN_ANOMALY,0h_24h_96h,7.588483253938796,True
CMP-000540,Driver IC,Propagation Delay,LOT-15,CRITICAL,100.0,1,LATENT_DEFECT,0h_24h_96h,40.654574054791816,True
CMP-000541,Logic IC,Iddq,LOT-12,CRITICAL,100.0,1,GRADUAL_DRIFT,0h_24h_96h,36.821583012433855,True
CMP-000542,Memory IC,Standby Current,LOT-08,MEDIUM,30.0,0,NORMAL,0h_24h_96h,25.98023428234127,True
CMP-000543,ADC,Leakage Current,LOT-11,CRITICAL,100.0,1,GRADUAL_DRIFT,0h_24h_96h,19.072337394456138,True
CMP-000544,Driver IC,Propagation Delay,LOT-14,LOW,0.0,0,NORMAL,0h_24h_96h,19.089057034938925,False
CMP-000545,Logic IC,Iddq,LOT-19,CRITICAL,100.0,1,GRADUAL_DRIFT,0h_24h_96h,35.76369914007934,True
CMP-000546,Memory IC,Standby Current,LOT-07,MEDIUM,30.0,0,NORMAL,0h_24h_96h,26.708367360190778,True
CMP-000547,ADC,Leakage Current,LOT-06,CRITICAL,100.0,1,GRADUAL_DRIFT,0h_24h_96h,19.682381087694452,True
CMP-000548,Driver IC,Propagation Delay,LOT-13,LOW,0.0,0,NORMAL,0h_24h_96h,18.94521459699899,False
CMP-000549,Logic IC,Iddq,LOT-15,LOW,0.0,0,NORMAL,0h_24h_96h,10.545444511507931,False
CMP-000550,Memory IC,Standby Current,LOT-20,CRITICAL,100.0,1,LATENT_DEFECT,0h_24h_96h,67.88464475796306,True
CMP-000551,ADC,Leakage Current,LOT-17,CRITICAL,100.0,1,GRADUAL_DRIFT,0h_24h_96h,19.115188483776897,True
CMP-000552,Driver IC,Propagation Delay,LOT-10,CRITICAL,100.0,1,LATENT_DEFECT,0h_24h_96h,38.95599005110513,True
CMP-000553,Logic IC,Iddq,LOT-10,CRITICAL,100.0,1,LATENT_DEFECT,0h_24h_96h,40.76991336746034,True
CMP-000554,Memory IC,Standby Current,LOT-04,CRITICAL,100.0,1,GRADUAL_DRIFT,0h_24h_96h,66.89176642677596,True
CMP-000555,ADC,Leakage Current,LOT-11,CRITICAL,100.0,1,GRADUAL_DRIFT,0h_24h_96h,19.479065882327273,True
CMP-000556,Driver IC,Propagation Delay,LOT-14,MEDIUM,30.0,0,NORMAL,0h_24h_96h,18.667915327828936,True
CMP-000557,Logic IC,Iddq,LOT-07,MEDIUM,30.0,0,NORMAL,0h_24h_96h,10.614170879894177,True
CMP-000558,Memory IC,Standby Current,LOT-13,LOW,0.0,0,NORMAL,0h_24h_96h,26.393049708226627,False
CMP-000559,ADC,Leakage Current,LOT-20,CRITICAL,100.0,1,GRADUAL_DRIFT,0h_24h_96h,20.84190699010289,True
CMP-000560,Driver IC,Propagation Delay,LOT-10,LOW,0.0,0,NORMAL,0h_24h_96h,18.195712026463962,False
CMP-000561,Logic IC,Iddq,LOT-08,MEDIUM,30.0,0,NORMAL,0h_24h_96h,11.353398417857143,True
CMP-000562,Memory IC,Standby Current,LOT-16,LOW,0.0,0,NORMAL,0h_24h_96h,26.19569695902032,False
CMP-000563,ADC,Leakage Current,LOT-01,CRITICAL,100.0,1,SUDDEN_ANOMALY,0h_24h_96h,7.3312990685774,True
CMP-000564,Driver IC,Propagation Delay,LOT-10,LOW,0.0,0,NORMAL,0h_24h_96h,18.591566068682837,False
CMP-000565,Logic IC,Iddq,LOT-08,CRITICAL,100.0,1,GRADUAL_DRIFT,0h_24h_96h,35.50141101746032,True
CMP-000566,Memory IC,Standby Current,LOT-01,LOW,0.0,0,NORMAL,0h_24h_96h,25.744411840950793,False
CMP-000567,ADC,Leakage Current,LOT-15,MEDIUM,30.0,0,NORMAL,0h_24h_96h,5.369692074498699,True
CMP-000568,Driver IC,Propagation Delay,LOT-13,MEDIUM,30.0,0,NORMAL,0h_24h_96h,18.887776854661993,True
CMP-000569,Logic IC,Iddq,LOT-01,CRITICAL,100.0,1,GRADUAL_DRIFT,0h_24h_96h,36.66747412830685,True
CMP-000570,Memory IC,Standby Current,LOT-13,LOW,0.0,0,NORMAL,0h_24h_96h,26.822193166446638,False
CMP-000571,ADC,Leakage Current,LOT-10,MEDIUM,30.0,0,NORMAL,0h_24h_96h,5.074856994611056,True
CMP-000572,Driver IC,Propagation Delay,LOT-01,CRITICAL,100.0,1,LATENT_DEFECT,0h_24h_96h,37.044576400305885,True
CMP-000573,Logic IC,Iddq,LOT-16,CRITICAL,100.0,1,GRADUAL_DRIFT,0h_24h_96h,34.65714418875664,True
CMP-000574,Memory IC,Standby Current,LOT-04,MEDIUM,30.0,0,NORMAL,0h_24h_96h,25.432716296745223,True
CMP-000575,ADC,Leakage Current,LOT-19,CRITICAL,100.0,1,LATENT_DEFECT,0h_24h_96h,22.465993548149772,True
CMP-000576,Driver IC,Propagation Delay,LOT-07,LOW,0.0,0,NORMAL,0h_24h_96h,18.444782454491335,False
CMP-000577,Logic IC,Iddq,LOT-13,CRITICAL,100.0,1,GRADUAL_DRIFT,0h_24h_96h,36.8170222873016,True
CMP-000578,Memory IC,Standby Current,LOT-14,LOW,15.0,0,NORMAL,0h_24h_96h,26.49358105951513,False
CMP-000579,ADC,Leakage Current,LOT-08,LOW,0.0,0,NORMAL,0h_24h_96h,5.623490063615026,False
CMP-000580,Driver IC,Propagation Delay,LOT-08,MEDIUM,41.0,0,NORMAL,0h_24h_96h,18.29282710363286,True
CMP-000581,Logic IC,Iddq,LOT-10,LOW,0.0,0,NORMAL,0h_24h_96h,10.187307864417999,False
CMP-000582,Memory IC,Standby Current,LOT-09,LOW,15.0,0,NORMAL,0h_24h_96h,26.38677986868792,False
CMP-000583,ADC,Leakage Current,LOT-04,LOW,15.0,0,NORMAL,0h_24h_96h,5.562958653803138,False
CMP-000584,Driver IC,Propagation Delay,LOT-17,LOW,0.0,0,NORMAL,0h_24h_96h,18.58345196059828,False
CMP-000585,Logic IC,Iddq,LOT-02,LOW,15.0,0,NORMAL,0h_24h_96h,10.742166812830684,False
CMP-000586,Memory IC,Standby Current,LOT-05,CRITICAL,100.0,1,LATENT_DEFECT,0h_24h_96h,76.01871393896499,True
CMP-000587,ADC,Leakage Current,LOT-19,CRITICAL,100.0,1,GRADUAL_DRIFT,0h_24h_96h,22.429691217545372,True
CMP-000588,Driver IC,Propagation Delay,LOT-20,CRITICAL,100.0,1,LATENT_DEFECT,0h_24h_96h,40.0339570478829,True
CMP-000589,Logic IC,Iddq,LOT-02,MEDIUM,30.0,0,NORMAL,0h_24h_96h,10.75860057169313,True
CMP-000590,Memory IC,Standby Current,LOT-11,MEDIUM,30.0,0,NORMAL,0h_24h_96h,26.889397525821305,True
CMP-000591,ADC,Leakage Current,LOT-12,CRITICAL,100.0,1,SUDDEN_ANOMALY,0h_24h_96h,6.785242785120749,True
CMP-000592,Driver IC,Propagation Delay,LOT-15,LOW,0.0,0,NORMAL,0h_24h_96h,18.54459418302835,False
CMP-000593,Logic IC,Iddq,LOT-19,LOW,15.0,0,NORMAL,0h_24h_96h,11.265877625132271,False
CMP-000594,Memory IC,Standby Current,LOT-18,LOW,0.0,0,NORMAL,0h_24h_96h,26.07280640633658,False
CMP-000595,ADC,Leakage Current,LOT-03,LOW,15.0,0,NORMAL,0h_24h_96h,5.7825941138482335,False
CMP-000596,Driver IC,Propagation Delay,LOT-03,CRITICAL,100.0,1,LATENT_DEFECT,0h_24h_96h,37.716273106147554,True
CMP-000597,Logic IC,Iddq,LOT-10,MEDIUM,30.0,0,NORMAL,0h_24h_96h,11.085047826455025,True
CMP-000598,Memory IC,Standby Current,LOT-13,LOW,0.0,0,NORMAL,0h_24h_96h,25.695990481891368,False
CMP-000599,ADC,Leakage Current,LOT-19,MEDIUM,30.0,0,NORMAL,0h_24h_96h,5.812069788190798,True
CMP-000600,Driver IC,Propagation Delay,LOT-03,CRITICAL,100.0,1,SUDDEN_ANOMALY,0h_24h_96h,19.649340534550284,True
CMP-000601,Logic IC,Iddq,LOT-03,LOW,0.0,0,NORMAL,0h_24h_96h,10.509122600661378,False
CMP-000602,Memory IC,Standby Current,LOT-06,CRITICAL,100.0,1,GRADUAL_DRIFT,0h_24h_96h,68.1320562890459,True
CMP-000603,ADC,Leakage Current,LOT-02,CRITICAL,100.0,1,GRADUAL_DRIFT,0h_24h_96h,21.157472548460433,True
CMP-000604,Driver IC,Propagation Delay,LOT-13,CRITICAL,100.0,1,GRADUAL_DRIFT,0h_24h_96h,37.49734637264668,True
CMP-000605,Logic IC,Iddq,LOT-07,CRITICAL,100.0,1,GRADUAL_DRIFT,0h_24h_96h,37.22318198955027,True
CMP-000606,Memory IC,Standby Current,LOT-17,CRITICAL,100.0,1,LATENT_DEFECT,0h_24h_96h,64.781562802639,True
CMP-000607,ADC,Leakage Current,LOT-05,LOW,15.0,0,NORMAL,0h_24h_96h,5.178872976465856,False
CMP-000608,Driver IC,Propagation Delay,LOT-16,CRITICAL,100.0,1,SUDDEN_ANOMALY,0h_24h_96h,21.054632834293013,True
CMP-000609,Logic IC,Iddq,LOT-11,LOW,21.0,0,NORMAL,0h_24h_96h,11.056424637301584,False
CMP-000610,Memory IC,Standby Current,LOT-09,MEDIUM,30.0,0,NORMAL,0h_24h_96h,25.90925727669936,True
CMP-000611,ADC,Leakage Current,LOT-03,MEDIUM,36.0,0,NORMAL,0h_24h_96h,5.48416960369084,True
CMP-000612,Driver IC,Propagation Delay,LOT-08,LOW,0.0,0,NORMAL,0h_24h_96h,18.105638983826694,False
CMP-000613,Logic IC,Iddq,LOT-19,CRITICAL,100.0,1,SUDDEN_ANOMALY,0h_24h_96h,13.528192002801838,True
CMP-000614,Memory IC,Standby Current,LOT-16,LOW,15.0,0,NORMAL,0h_24h_96h,25.432716296745223,False
CMP-000615,ADC,Leakage Current,LOT-12,MEDIUM,30.0,0,NORMAL,0h_24h_96h,5.9555435177817335,True
CMP-000616,Driver IC,Propagation Delay,LOT-01,LOW,0.0,0,NORMAL,0h_24h_96h,18.86163165446118,False
CMP-000617,Logic IC,Iddq,LOT-07,LOW,0.0,0,NORMAL,0h_24h_96h,10.883444867917264,False
CMP-000618,Memory IC,Standby Current,LOT-06,CRITICAL,100.0,1,LATENT_DEFECT,0h_24h_96h,60.35363791650809,True
CMP-000619,ADC,Leakage Current,LOT-12,CRITICAL,100.0,1,GRADUAL_DRIFT,0h_24h_96h,18.62552268370272,True
CMP-000620,Driver IC,Propagation Delay,LOT-05,LOW,0.0,0,NORMAL,0h_24h_96h,17.944882090196487,False
CMP-000621,Logic IC,Iddq,LOT-17,CRITICAL,100.0,1,GRADUAL_DRIFT,0h_24h_96h,35.38371596071426,True
CMP-000622,Memory IC,Standby Current,LOT-17,LOW,15.0,0,NORMAL,0h_24h_96h,25.683141703900137,False
CMP-000623,ADC,Leakage Current,LOT-11,CRITICAL,100.0,1,SUDDEN_ANOMALY,0h_24h_96h,7.184598754336809,True
CMP-000624,Driver IC,Propagation Delay,LOT-05,MEDIUM,30.0,0,NORMAL,0h_24h_96h,18.485696924238066,True
CMP-000625,Logic IC,Iddq,LOT-18,LOW,0.0,0,NORMAL,0h_24h_96h,10.758040612566141,False
CMP-000626,Memory IC,Standby Current,LOT-10,CRITICAL,100.0,1,LATENT_DEFECT,0h_24h_96h,68.59260658705146,True
CMP-000627,ADC,Leakage Current,LOT-07,CRITICAL,100.0,1,GRADUAL_DRIFT,0h_24h_96h,21.580270671886517,True
CMP-000628,Driver IC,Propagation Delay,LOT-01,CRITICAL,100.0,1,LATENT_DEFECT,0h_24h_96h,38.735880887017366,True
CMP-000629,Logic IC,Iddq,LOT-02,CRITICAL,100.0,1,GRADUAL_DRIFT,0h_24h_96h,38.27041337791004,True
CMP-000630,Memory IC,Standby Current,LOT-11,LOW,0.0,0,NORMAL,0h_24h_96h,26.491244238476416,False
CMP-000631,ADC,Leakage Current,LOT-10,LOW,15.0,0,NORMAL,0h_24h_96h,5.2080945268762875,False
CMP-000632,Driver IC,Propagation Delay,LOT-17,LOW,0.0,0,NORMAL,0h_24h_96h,18.349493769598016,False
CMP-000633,Logic IC,Iddq,LOT-05,CRITICAL,100.0,1,GRADUAL_DRIFT,0h_24h_96h,36.79372244391535,True
CMP-000634,Memory IC,Standby Current,LOT-17,LOW,0.0,0,NORMAL,0h_24h_96h,26.16499173225002,False
CMP-000635,ADC,Leakage Current,LOT-13,LOW,0.0,0,NORMAL,0h_24h_96h,5.247166094346527,False
CMP-000636,Driver IC,Propagation Delay,LOT-06,MEDIUM,30.0,0,NORMAL,0h_24h_96h,17.917881869826335,True
CMP-000637,Logic IC,Iddq,LOT-03,LOW,0.0,0,NORMAL,0h_24h_96h,10.604891689021164,False
CMP-000638,Memory IC,Standby Current,LOT-06,CRITICAL,100.0,1,LATENT_DEFECT,0h_24h_96h,66.10447569459672,True
CMP-000639,ADC,Leakage Current,LOT-07,MEDIUM,30.0,0,NORMAL,0h_24h_96h,5.34803990542934,True
CMP-000640,Driver IC,Propagation Delay,LOT-03,MEDIUM,30.0,0,NORMAL,0h_24h_96h,18.532668809892552,True
CMP-000641,Logic IC,Iddq,LOT-09,LOW,0.0,0,NORMAL,0h_24h_96h,10.708518834126988,False
CMP-000642,Memory IC,Standby Current,LOT-11,LOW,15.0,0,NORMAL,0h_24h_96h,26.16573619901736,False
CMP-000643,ADC,Leakage Current,LOT-17,CRITICAL,100.0,1,GRADUAL_DRIFT,0h_24h_96h,20.854039869516267,True
CMP-000644,Driver IC,Propagation Delay,LOT-19,CRITICAL,100.0,1,SUDDEN_ANOMALY,0h_24h_96h,21.49411547433261,True
CMP-000645,Logic IC,Iddq,LOT-15,CRITICAL,100.0,1,LATENT_DEFECT,0h_24h_96h,35.13445419933862,True
CMP-000646,Memory IC,Standby Current,LOT-12,CRITICAL,100.0,1,GRADUAL_DRIFT,0h_24h_96h,68.64607026263218,True
CMP-000647,ADC,Leakage Current,LOT-06,LOW,15.0,0,NORMAL,0h_24h_96h,4.971309368625295,False
CMP-000648,Driver IC,Propagation Delay,LOT-15,LOW,0.0,0,NORMAL,0h_24h_96h,18.96815027150028,False
CMP-000649,Logic IC,Iddq,LOT-07,LOW,0.0,0,NORMAL,0h_24h_96h,11.008865328306875,False
CMP-000650,Memory IC,Standby Current,LOT-04,CRITICAL,100.0,1,GRADUAL_DRIFT,0h_24h_96h,64.85679324307127,True
CMP-000651,ADC,Leakage Current,LOT-08,CRITICAL,100.0,1,GRADUAL_DRIFT,0h_24h_96h,13.960749583832614,True
CMP-000652,Driver IC,Propagation Delay,LOT-16,CRITICAL,100.0,1,LATENT_DEFECT,0h_24h_96h,44.09114780697705,True
CMP-000653,Logic IC,Iddq,LOT-01,CRITICAL,100.0,1,LATENT_DEFECT,0h_24h_96h,35.91077909563495,True
CMP-000654,Memory IC,Standby Current,LOT-18,MEDIUM,41.0,0,NORMAL,0h_24h_96h,26.405684076816012,True
CMP-000655,ADC,Leakage Current,LOT-02,CRITICAL,100.0,1,LATENT_DEFECT,0h_24h_96h,21.035718649571525,True
CMP-000656,Driver IC,Propagation Delay,LOT-06,CRITICAL,100.0,1,SUDDEN_ANOMALY,0h_24h_96h,20.16321392778956,True
CMP-000657,Logic IC,Iddq,LOT-09,CRITICAL,100.0,1,SUDDEN_ANOMALY,0h_24h_96h,13.078954423809511,True
CMP-000658,Memory IC,Standby Current,LOT-11,LOW,15.0,0,NORMAL,0h_24h_96h,26.031821319213435,False
CMP-000659,ADC,Leakage Current,LOT-01,LOW,15.0,0,NORMAL,0h_24h_96h,5.381668647062735,False
CMP-000660,Driver IC,Propagation Delay,LOT-15,CRITICAL,100.0,1,LATENT_DEFECT,0h_24h_96h,43.79742634260679,True
CMP-000661,Logic IC,Iddq,LOT-15,CRITICAL,100.0,1,LATENT_DEFECT,0h_24h_96h,37.48955937539681,True
CMP-000662,Memory IC,Standby Current,LOT-12,LOW,0.0,0,NORMAL,0h_24h_96h,25.87906063431179,False
CMP-000663,ADC,Leakage Current,LOT-15,CRITICAL,100.0,1,GRADUAL_DRIFT,0h_24h_96h,23.741258634401838,True
CMP-000664,Driver IC,Propagation Delay,LOT-14,MEDIUM,30.0,0,NORMAL,0h_24h_96h,19.883287437079037,True
CMP-000665,Logic IC,Iddq,LOT-20,CRITICAL,100.0,1,GRADUAL_DRIFT,0h_24h_96h,34.45199467367721,True
CMP-000666,Memory IC,Standby Current,LOT-09,CRITICAL,100.0,1,GRADUAL_DRIFT,0h_24h_96h,67.34074748599741,True
CMP-000667,ADC,Leakage Current,LOT-19,CRITICAL,100.0,1,LATENT_DEFECT,0h_24h_96h,21.179255477637767,True
CMP-000668,Driver IC,Propagation Delay,LOT-17,CRITICAL,100.0,1,LATENT_DEFECT,0h_24h_96h,34.817508299380634,True
CMP-000669,Logic IC,Iddq,LOT-03,CRITICAL,100.0,1,SUDDEN_ANOMALY,0h_24h_96h,13.22467107261905,True
CMP-000670,Memory IC,Standby Current,LOT-01,LOW,0.0,0,NORMAL,0h_24h_96h,26.22804281880396,False
CMP-000671,ADC,Leakage Current,LOT-13,CRITICAL,100.0,1,GRADUAL_DRIFT,0h_24h_96h,18.642813246297393,True
CMP-000672,Driver IC,Propagation Delay,LOT-03,LOW,15.0,0,NORMAL,0h_24h_96h,18.84817701600322,False
CMP-000673,Logic IC,Iddq,LOT-18,LOW,0.0,0,NORMAL,0h_24h_96h,10.856986824735445,False
CMP-000674,Memory IC,Standby Current,LOT-15,CRITICAL,100.0,1,SUDDEN_ANOMALY,0h_24h_96h,30.369757258916987,True
CMP-000675,ADC,Leakage Current,LOT-17,CRITICAL,100.0,1,GRADUAL_DRIFT,0h_24h_96h,21.00967785872941,True
CMP-000676,Driver IC,Propagation Delay,LOT-10,LOW,0.0,0,NORMAL,0h_24h_96h,18.794238068036975,False
CMP-000677,Logic IC,Iddq,LOT-08,CRITICAL,100.0,1,LATENT_DEFECT,0h_24h_96h,35.679668493121696,True
CMP-000678,Memory IC,Standby Current,LOT-02,CRITICAL,100.0,1,SUDDEN_ANOMALY,0h_24h_96h,32.15786217621765,True
CMP-000679,ADC,Leakage Current,LOT-04,LOW,15.0,0,NORMAL,0h_24h_96h,5.842623024418428,False
CMP-000680,Driver IC,Propagation Delay,LOT-15,CRITICAL,100.0,1,LATENT_DEFECT,0h_24h_96h,45.43924811869281,True
CMP-000681,Logic IC,Iddq,LOT-16,LOW,0.0,0,NORMAL,0h_24h_96h,10.402424739285705,False
CMP-000682,Memory IC,Standby Current,LOT-14,CRITICAL,100.0,1,LATENT_DEFECT,0h_24h_96h,69.25447859747158,True
CMP-000683,ADC,Leakage Current,LOT-10,CRITICAL,100.0,1,GRADUAL_DRIFT,0h_24h_96h,20.163301666840365,True
CMP-000684,Driver IC,Propagation Delay,LOT-08,LOW,0.0,0,NORMAL,0h_24h_96h,18.930006234294545,False
CMP-000685,Logic IC,Iddq,LOT-05,MEDIUM,30.0,0,NORMAL,0h_24h_96h,10.796889424867722,True
CMP-000686,Memory IC,Standby Current,LOT-02,LOW,0.0,0,NORMAL,0h_24h_96h,26.188030212285597,False
CMP-000687,ADC,Leakage Current,LOT-09,LOW,0.0,0,NORMAL,0h_24h_96h,5.541252946461243,False
CMP-000688,Driver IC,Propagation Delay,LOT-04,LOW,0.0,0,NORMAL,0h_24h_96h,18.731609125112946,False
CMP-000689,Logic IC,Iddq,LOT-05,MEDIUM,30.0,0,NORMAL,0h_24h_96h,10.002779699206345,True
CMP-000690,Memory IC,Standby Current,LOT-16,LOW,0.0,0,NORMAL,0h_24h_96h,25.87283400469978,False
CMP-000691,ADC,Leakage Current,LOT-19,CRITICAL,100.0,1,LATENT_DEFECT,0h_24h_96h,23.220872552197633,True
CMP-000692,Driver IC,Propagation Delay,LOT-12,LOW,0.0,0,NORMAL,0h_24h_96h,18.604357014069432,False
CMP-000693,Logic IC,Iddq,LOT-20,CRITICAL,100.0,1,LATENT_DEFECT,0h_24h_96h,30.85636521732804,True
CMP-000694,Memory IC,Standby Current,LOT-19,CRITICAL,100.0,1,LATENT_DEFECT,0h_24h_96h,68.68916648226339,True
CMP-000695,ADC,Leakage Current,LOT-06,CRITICAL,100.0,1,SUDDEN_ANOMALY,0h_24h_96h,7.354363243480734,True
CMP-000696,Driver IC,Propagation Delay,LOT-09,CRITICAL,100.0,1,SUDDEN_ANOMALY,0h_24h_96h,20.566657500835692,True
CMP-000697,Logic IC,Iddq,LOT-17,LOW,0.0,0,NORMAL,0h_24h_96h,10.714553534126978,False
CMP-000698,Memory IC,Standby Current,LOT-10,LOW,0.0,0,NORMAL,0h_24h_96h,25.52432752036394,False
CMP-000699,ADC,Leakage Current,LOT-15,MEDIUM,30.0,0,NORMAL,0h_24h_96h,5.45579952879336,True
CMP-000700,Driver IC,Propagation Delay,LOT-11,CRITICAL,100.0,1,LATENT_DEFECT,0h_24h_96h,37.33815404252015,True
CMP-000701,Logic IC,Iddq,LOT-19,LOW,0.0,0,NORMAL,0h_24h_96h,10.71692755674604,False
CMP-000702,Memory IC,Standby Current,LOT-08,MEDIUM,30.0,0,NORMAL,0h_24h_96h,26.09712570228201,True
CMP-000703,ADC,Leakage Current,LOT-05,MEDIUM,35.0,0,NORMAL,0h_24h_96h,4.970918281055846,True
CMP-000704,Driver IC,Propagation Delay,LOT-06,CRITICAL,100.0,1,LATENT_DEFECT,0h_24h_96h,39.89638494454178,True
CMP-000705,Logic IC,Iddq,LOT-18,LOW,15.0,0,NORMAL,0h_24h_96h,10.212032552513229,False
CMP-000706,Memory IC,Standby Current,LOT-19,LOW,15.0,0,NORMAL,0h_24h_96h,26.420157284607434,False
CMP-000707,ADC,Leakage Current,LOT-12,CRITICAL,100.0,1,GRADUAL_DRIFT,0h_24h_96h,22.434335228000162,True
CMP-000708,Driver IC,Propagation Delay,LOT-04,CRITICAL,100.0,1,LATENT_DEFECT,0h_24h_96h,39.83477362621933,True
CMP-000709,Logic IC,Iddq,LOT-09,CRITICAL,100.0,1,SUDDEN_ANOMALY,0h_24h_96h,14.195321895851388,True
CMP-000710,Memory IC,Standby Current,LOT-12,CRITICAL,100.0,1,LATENT_DEFECT,0h_24h_96h,75.06466120906353,True
CMP-000711,ADC,Leakage Current,LOT-20,CRITICAL,100.0,1,SUDDEN_ANOMALY,0h_24h_96h,7.809438081118494,True
CMP-000712,Driver IC,Propagation Delay,LOT-09,LOW,15.0,0,NORMAL,0h_24h_96h,18.586554116671635,False
CMP-000713,Logic IC,Iddq,LOT-02,LOW,0.0,0,NORMAL,0h_24h_96h,10.65483948253968,False
CMP-000714,Memory IC,Standby Current,LOT-06,LOW,0.0,0,NORMAL,0h_24h_96h,25.70117104317235,False
CMP-000715,ADC,Leakage Current,LOT-10,LOW,0.0,0,NORMAL,0h_24h_96h,5.261808518644609,False
CMP-000716,Driver IC,Propagation Delay,LOT-08,CRITICAL,100.0,1,SUDDEN_ANOMALY,0h_24h_96h,20.48266288350999,True
CMP-000717,Logic IC,Iddq,LOT-14,LOW,0.0,0,NORMAL,0h_24h_96h,10.660106331613758,False
CMP-000718,Memory IC,Standby Current,LOT-08,LOW,15.0,0,NORMAL,0h_24h_96h,25.52283283011102,False
CMP-000719,ADC,Leakage Current,LOT-07,CRITICAL,100.0,1,LATENT_DEFECT,0h_24h_96h,21.246076074692272,True
CMP-000720,Driver IC,Propagation Delay,LOT-14,CRITICAL,100.0,1,LATENT_DEFECT,0h_24h_96h,42.70664334764267,True
CMP-000721,Logic IC,Iddq,LOT-16,LOW,0.0,0,NORMAL,0h_24h_96h,10.4937431568783,False
CMP-000722,Memory IC,Standby Current,LOT-14,CRITICAL,100.0,1,LATENT_DEFECT,0h_24h_96h,71.14768023595748,True
CMP-000723,ADC,Leakage Current,LOT-16,CRITICAL,100.0,1,GRADUAL_DRIFT,0h_24h_96h,19.625394626811396,True
CMP-000724,Driver IC,Propagation Delay,LOT-06,LOW,0.0,0,NORMAL,0h_24h_96h,18.55715590055439,False
CMP-000725,Logic IC,Iddq,LOT-16,CRITICAL,100.0,1,GRADUAL_DRIFT,0h_24h_96h,35.17493406512748,True
CMP-000726,Memory IC,Standby Current,LOT-02,MEDIUM,30.0,0,NORMAL,0h_24h_96h,25.432716296745223,True
CMP-000727,ADC,Leakage Current,LOT-17,CRITICAL,100.0,1,GRADUAL_DRIFT,0h_24h_96h,19.33494297595165,True
CMP-000728,Driver IC,Propagation Delay,LOT-09,CRITICAL,100.0,1,LATENT_DEFECT,0h_24h_96h,40.13571558493771,True
CMP-000729,Logic IC,Iddq,LOT-17,CRITICAL,100.0,1,GRADUAL_DRIFT,0h_24h_96h,35.809347027886,True
CMP-000730,Memory IC,Standby Current,LOT-12,CRITICAL,100.0,1,LATENT_DEFECT,0h_24h_96h,66.67503636380115,True
CMP-000731,ADC,Leakage Current,LOT-09,CRITICAL,100.0,1,GRADUAL_DRIFT,0h_24h_96h,21.00701536387853,True
CMP-000732,Driver IC,Propagation Delay,LOT-07,LOW,0.0,0,NORMAL,0h_24h_96h,18.661690038166974,False
CMP-000733,Logic IC,Iddq,LOT-07,CRITICAL,100.0,1,GRADUAL_DRIFT,0h_24h_96h,32.291083538492074,True
CMP-000734,Memory IC,Standby Current,LOT-04,LOW,0.0,0,NORMAL,0h_24h_96h,25.826450855478846,False
CMP-000735,ADC,Leakage Current,LOT-11,LOW,21.0,0,NORMAL,0h_24h_96h,5.7293671768683385,False
CMP-000736,Driver IC,Propagation Delay,LOT-19,CRITICAL,100.0,1,SUDDEN_ANOMALY,0h_24h_96h,20.736322034736556,True
CMP-000737,Logic IC,Iddq,LOT-08,CRITICAL,100.0,1,SUDDEN_ANOMALY,0h_24h_96h,13.095654353174602,True
CMP-000738,Memory IC,Standby Current,LOT-08,LOW,0.0,0,NORMAL,0h_24h_96h,26.304510501146652,False
CMP-000739,ADC,Leakage Current,LOT-14,CRITICAL,100.0,1,GRADUAL_DRIFT,0h_24h_96h,18.829077585566537,True
CMP-000740,Driver IC,Propagation Delay,LOT-08,MEDIUM,30.0,0,NORMAL,0h_24h_96h,17.746073826290004,True
CMP-000741,Logic IC,Iddq,LOT-11,CRITICAL,100.0,1,SUDDEN_ANOMALY,0h_24h_96h,14.803264511243393,True
CMP-000742,Memory IC,Standby Current,LOT-12,LOW,15.0,0,NORMAL,0h_24h_96h,26.609490043170087,False
CMP-000743,ADC,Leakage Current,LOT-03,CRITICAL,100.0,1,LATENT_DEFECT,0h_24h_96h,22.63101109228589,True
CMP-000744,Driver IC,Propagation Delay,LOT-17,CRITICAL,100.0,1,SUDDEN_ANOMALY,0h_24h_96h,20.434597734860766,True
CMP-000745,Logic IC,Iddq,LOT-17,CRITICAL,100.0,1,GRADUAL_DRIFT,0h_24h_96h,33.50221519047619,True
CMP-000746,Memory IC,Standby Current,LOT-19,CRITICAL,100.0,1,LATENT_DEFECT,0h_24h_96h,61.11019647447306,True
CMP-000747,ADC,Leakage Current,LOT-03,CRITICAL,100.0,1,GRADUAL_DRIFT,0h_24h_96h,17.033844491351758,True
CMP-000748,Driver IC,Propagation Delay,LOT-12,LOW,15.0,0,NORMAL,0h_24h_96h,19.18293067048596,False
CMP-000749,Logic IC,Iddq,LOT-01,CRITICAL,100.0,1,GRADUAL_DRIFT,0h_24h_96h,36.55115654642856,True
CMP-000750,Memory IC,Standby Current,LOT-12,CRITICAL,100.0,1,LATENT_DEFECT,0h_24h_96h,66.97184216150995,True
CMP-000751,ADC,Leakage Current,LOT-08,CRITICAL,100.0,1,GRADUAL_DRIFT,0h_24h_96h,20.080067141000466,True
CMP-000752,Driver IC,Propagation Delay,LOT-16,CRITICAL,100.0,1,LATENT_DEFECT,0h_24h_96h,38.618068439767235,True
CMP-000753,Logic IC,Iddq,LOT-20,CRITICAL,100.0,1,SUDDEN_ANOMALY,0h_24h_96h,14.198209282539707,True
CMP-000754,Memory IC,Standby Current,LOT-05,LOW,0.0,0,NORMAL,0h_24h_96h,26.003685233093837,False
CMP-000755,ADC,Leakage Current,LOT-18,CRITICAL,100.0,1,GRADUAL_DRIFT,0h_24h_96h,23.921083643855294,True
CMP-000756,Driver IC,Propagation Delay,LOT-20,LOW,0.0,0,NORMAL,0h_24h_96h,18.820023926119468,False
CMP-000757,Logic IC,Iddq,LOT-19,CRITICAL,100.0,1,GRADUAL_DRIFT,0h_24h_96h,36.187889141005286,True
CMP-000758,Memory IC,Standby Current,LOT-03,LOW,0.0,0,NORMAL,0h_24h_96h,25.786107015257166,False
CMP-000759,ADC,Leakage Current,LOT-02,LOW,0.0,0,NORMAL,0h_24h_96h,5.295005921200664,False
CMP-000760,Driver IC,Propagation Delay,LOT-09,MEDIUM,30.0,0,NORMAL,0h_24h_96h,18.468374915613488,True
CMP-000761,Logic IC,Iddq,LOT-06,LOW,0.0,0,NORMAL,0h_24h_96h,10.190219866666663,False
CMP-000762,Memory IC,Standby Current,LOT-18,LOW,0.0,0,NORMAL,0h_24h_96h,26.48151894264177,False
CMP-000763,ADC,Leakage Current,LOT-05,MEDIUM,30.0,0,NORMAL,0h_24h_96h,5.159306861910346,True
CMP-000764,Driver IC,Propagation Delay,LOT-12,CRITICAL,100.0,1,LATENT_DEFECT,0h_24h_96h,40.50905182524104,True
CMP-000765,Logic IC,Iddq,LOT-07,MEDIUM,30.0,0,NORMAL,0h_24h_96h,10.120713301190476,True
CMP-000766,Memory IC,Standby Current,LOT-01,CRITICAL,100.0,1,LATENT_DEFECT,0h_24h_96h,61.50758978775397,True
CMP-000767,ADC,Leakage Current,LOT-19,CRITICAL,100.0,1,SUDDEN_ANOMALY,0h_24h_96h,7.630419901114812,True
CMP-000768,Driver IC,Propagation Delay,LOT-16,CRITICAL,100.0,1,LATENT_DEFECT,0h_24h_96h,39.970343733938975,True
CMP-000769,Logic IC,Iddq,LOT-04,CRITICAL,100.0,1,SUDDEN_ANOMALY,0h_24h_96h,12.634112791005302,True
CMP-000770,Memory IC,Standby Current,LOT-20,CRITICAL,100.0,1,GRADUAL_DRIFT,0h_24h_96h,64.42676307975023,True
CMP-000771,ADC,Leakage Current,LOT-09,CRITICAL,100.0,1,SUDDEN_ANOMALY,0h_24h_96h,7.588483253938796,True
CMP-000772,Driver IC,Propagation Delay,LOT-19,LOW,0.0,0,NORMAL,0h_24h_96h,18.908368866637566,False
CMP-000773,Logic IC,Iddq,LOT-12,MEDIUM,30.0,0,NORMAL,0h_24h_96h,11.37222158492063,True
CMP-000774,Memory IC,Standby Current,LOT-03,LOW,15.0,0,NORMAL,0h_24h_96h,26.144071335257298,False
CMP-000775,ADC,Leakage Current,LOT-09,CRITICAL,100.0,1,SUDDEN_ANOMALY,0h_24h_96h,6.550313177832394,True
CMP-000776,Driver IC,Propagation Delay,LOT-14,MEDIUM,30.0,0,NORMAL,0h_24h_96h,18.43224537492561,True
CMP-000777,Logic IC,Iddq,LOT-14,LOW,15.0,0,NORMAL,0h_24h_96h,10.679177938095238,False
CMP-000778,Memory IC,Standby Current,LOT-17,LOW,0.0,0,NORMAL,0h_24h_96h,27.105704060691973,False
CMP-000779,ADC,Leakage Current,LOT-01,CRITICAL,100.0,1,LATENT_DEFECT,0h_24h_96h,23.6166603174888,True
CMP-000780,Driver IC,Propagation Delay,LOT-02,LOW,0.0,0,NORMAL,0h_24h_96h,18.15224247607267,False
CMP-000781,Logic IC,Iddq,LOT-09,LOW,0.0,0,NORMAL,0h_24h_96h,10.539609011904767,False
CMP-000782,Memory IC,Standby Current,LOT-11,LOW,15.0,0,NORMAL,0h_24h_96h,25.525426179275325,False
CMP-000783,ADC,Leakage Current,LOT-08,LOW,0.0,0,NORMAL,0h_24h_96h,5.446996526566314,False
CMP-000784,Driver IC,Propagation Delay,LOT-09,CRITICAL,100.0,1,SUDDEN_ANOMALY,0h_24h_96h,21.426472399495825,True
CMP-000785,Logic IC,Iddq,LOT-13,CRITICAL,100.0,1,GRADUAL_DRIFT,0h_24h_96h,35.45621104312172,True
CMP-000786,Memory IC,Standby Current,LOT-06,CRITICAL,100.0,1,LATENT_DEFECT,0h_24h_96h,70.13097048887917,True
CMP-000787,ADC,Leakage Current,LOT-18,LOW,0.0,0,NORMAL,0h_24h_96h,5.271881961126951,False
CMP-000788,Driver IC,Propagation Delay,LOT-16,LOW,0.0,0,NORMAL,0h_24h_96h,18.436668346406776,False
CMP-000789,Logic IC,Iddq,LOT-06,CRITICAL,100.0,1,GRADUAL_DRIFT,0h_24h_96h,37.91051104574315,True
CMP-000790,Memory IC,Standby Current,LOT-18,LOW,15.0,0,NORMAL,0h_24h_96h,27.30817614420889,False
CMP-000791,ADC,Leakage Current,LOT-02,LOW,15.0,0,NORMAL,0h_24h_96h,5.143415660579808,False
CMP-000792,Driver IC,Propagation Delay,LOT-06,LOW,0.0,0,NORMAL,0h_24h_96h,18.008579461703036,False
CMP-000793,Logic IC,Iddq,LOT-08,CRITICAL,100.0,1,LATENT_DEFECT,0h_24h_96h,39.08583539153441,True
CMP-000794,Memory IC,Standby Current,LOT-01,LOW,0.0,0,NORMAL,0h_24h_96h,26.46651948927971,False
CMP-000795,ADC,Leakage Current,LOT-10,CRITICAL,100.0,1,SUDDEN_ANOMALY,0h_24h_96h,7.626465480761297,True
CMP-000796,Driver IC,Propagation Delay,LOT-13,CRITICAL,100.0,1,SUDDEN_ANOMALY,0h_24h_96h,20.353249952492874,True
CMP-000797,Logic IC,Iddq,LOT-06,MEDIUM,30.0,0,NORMAL,0h_24h_96h,10.612370266534397,True
CMP-000798,Memory IC,Standby Current,LOT-07,CRITICAL,100.0,1,LATENT_DEFECT,0h_24h_96h,72.39646093157275,True
CMP-000799,ADC,Leakage Current,LOT-12,CRITICAL,100.0,1,GRADUAL_DRIFT,0h_24h_96h,23.37597858706714,True
CMP-000800,Driver IC,Propagation Delay,LOT-09,LOW,15.0,0,NORMAL,0h_24h_96h,18.795170666251757,False
CMP-000801,Logic IC,Iddq,LOT-12,LOW,0.0,0,NORMAL,0h_24h_96h,10.910924897751316,False
CMP-000802,Memory IC,Standby Current,LOT-08,CRITICAL,100.0,1,LATENT_DEFECT,0h_24h_96h,66.29350857193228,True
CMP-000803,ADC,Leakage Current,LOT-20,LOW,0.0,0,NORMAL,0h_24h_96h,5.446996526566314,False
CMP-000804,Driver IC,Propagation Delay,LOT-05,CRITICAL,100.0,1,LATENT_DEFECT,0h_24h_96h,36.412876183728194,True
CMP-000805,Logic IC,Iddq,LOT-06,LOW,0.0,0,NORMAL,0h_24h_96h,10.851368642063491,False
CMP-000806,Memory IC,Standby Current,LOT-09,LOW,0.0,0,NORMAL,0h_24h_96h,26.20608003923904,False
CMP-000807,ADC,Leakage Current,LOT-01,CRITICAL,100.0,1,SUDDEN_ANOMALY,0h_24h_96h,7.10388424808375,True
CMP-000808,Driver IC,Propagation Delay,LOT-13,LOW,0.0,0,NORMAL,0h_24h_96h,18.376001572789498,False
CMP-000809,Logic IC,Iddq,LOT-02,CRITICAL,100.0,1,SUDDEN_ANOMALY,0h_24h_96h,14.611207230158733,True
CMP-000810,Memory IC,Standby Current,LOT-02,CRITICAL,100.0,1,LATENT_DEFECT,0h_24h_96h,70.33831134272612,True
CMP-000811,ADC,Leakage Current,LOT-12,LOW,0.0,0,NORMAL,0h_24h_96h,5.5374443671965246,False
CMP-000812,Driver IC,Propagation Delay,LOT-07,LOW,0.0,0,NORMAL,0h_24h_96h,18.912521258575612,False
CMP-000813,Logic IC,Iddq,LOT-08,MEDIUM,30.0,0,NORMAL,0h_24h_96h,10.058240668650795,True
CMP-000814,Memory IC,Standby Current,LOT-16,LOW,15.0,0,NORMAL,0h_24h_96h,25.974610312739863,False
CMP-000815,ADC,Leakage Current,LOT-15,LOW,0.0,0,NORMAL,0h_24h_96h,5.565332993151579,False
CMP-000816,Driver IC,Propagation Delay,LOT-10,MEDIUM,30.0,0,NORMAL,0h_24h_96h,18.824058309132795,True
CMP-000817,Logic IC,Iddq,LOT-07,MEDIUM,30.0,0,NORMAL,0h_24h_96h,11.339694492460321,True
CMP-000818,Memory IC,Standby Current,LOT-03,CRITICAL,100.0,1,LATENT_DEFECT,0h_24h_96h,65.32216833264422,True
CMP-000819,ADC,Leakage Current,LOT-02,CRITICAL,100.0,1,GRADUAL_DRIFT,0h_24h_96h,21.681043114208368,True
CMP-000820,Driver IC,Propagation Delay,LOT-04,CRITICAL,100.0,1,LATENT_DEFECT,0h_24h_96h,40.26991684457672,True
CMP-000821,Logic IC,Iddq,LOT-10,LOW,0.0,0,NORMAL,0h_24h_96h,10.33778131917989,False
CMP-000822,Memory IC,Standby Current,LOT-10,CRITICAL,100.0,1,SUDDEN_ANOMALY,0h_24h_96h,32.18248904503668,True
CMP-000823,ADC,Leakage Current,LOT-11,CRITICAL,100.0,1,LATENT_DEFECT,0h_24h_96h,23.91504079065281,True
CMP-000824,Driver IC,Propagation Delay,LOT-16,CRITICAL,100.0,1,SUDDEN_ANOMALY,0h_24h_96h,20.222162230521903,True
CMP-000825,Logic IC,Iddq,LOT-19,MEDIUM,30.0,0,NORMAL,0h_24h_96h,11.251738112145254,True
CMP-000826,Memory IC,Standby Current,LOT-04,LOW,15.0,0,NORMAL,0h_24h_96h,25.72586061410927,False
CMP-000827,ADC,Leakage Current,LOT-07,LOW,0.0,0,NORMAL,0h_24h_96h,5.225513925277168,False
CMP-000828,Driver IC,Propagation Delay,LOT-05,CRITICAL,100.0,1,LATENT_DEFECT,0h_24h_96h,37.01134188760627,True
CMP-000829,Logic IC,Iddq,LOT-06,LOW,0.0,0,NORMAL,0h_24h_96h,10.37205718703704,False
CMP-000830,Memory IC,Standby Current,LOT-19,LOW,15.0,0,NORMAL,0h_24h_96h,27.37954624190338,False
CMP-000831,ADC,Leakage Current,LOT-14,LOW,21.0,0,NORMAL,0h_24h_96h,5.770939957187656,False
CMP-000832,Driver IC,Propagation Delay,LOT-07,LOW,0.0,0,NORMAL,0h_24h_96h,18.45131078123091,False
CMP-000833,Logic IC,Iddq,LOT-14,CRITICAL,100.0,1,GRADUAL_DRIFT,0h_24h_96h,36.17064028199857,True
CMP-000834,Memory IC,Standby Current,LOT-09,LOW,0.0,0,NORMAL,0h_24h_96h,26.858081567574395,False
CMP-000835,ADC,Leakage Current,LOT-19,LOW,15.0,0,NORMAL,0h_24h_96h,5.770939957187656,False
CMP-000836,Driver IC,Propagation Delay,LOT-02,LOW,0.0,0,NORMAL,0h_24h_96h,18.472706123141805,False
CMP-000837,Logic IC,Iddq,LOT-09,LOW,0.0,0,NORMAL,0h_24h_96h,10.7398051154762,False
CMP-000838,Memory IC,Standby Current,LOT-07,CRITICAL,100.0,1,GRADUAL_DRIFT,0h_24h_96h,67.81115547805554,True
CMP-000839,ADC,Leakage Current,LOT-02,CRITICAL,100.0,1,LATENT_DEFECT,0h_24h_96h,21.152496466844315,True
CMP-000840,Driver IC,Propagation Delay,LOT-01,CRITICAL,100.0,1,LATENT_DEFECT,0h_24h_96h,37.211164058296056,True
CMP-000841,Logic IC,Iddq,LOT-14,CRITICAL,100.0,1,GRADUAL_DRIFT,0h_24h_96h,40.143703431471295,True
CMP-000842,Memory IC,Standby Current,LOT-01,CRITICAL,100.0,1,SUDDEN_ANOMALY,0h_24h_96h,31.660451576936463,True
CMP-000843,ADC,Leakage Current,LOT-08,LOW,0.0,0,NORMAL,0h_24h_96h,5.446996526566314,False
CMP-000844,Driver IC,Propagation Delay,LOT-07,LOW,0.0,0,NORMAL,0h_24h_96h,18.379951284156455,False
CMP-000845,Logic IC,Iddq,LOT-08,CRITICAL,100.0,1,GRADUAL_DRIFT,0h_24h_96h,43.117532151984136,True
CMP-000846,Memory IC,Standby Current,LOT-12,CRITICAL,100.0,1,LATENT_DEFECT,0h_24h_96h,70.88223681743717,True
CMP-000847,ADC,Leakage Current,LOT-14,CRITICAL,100.0,1,GRADUAL_DRIFT,0h_24h_96h,20.451160277768615,True
CMP-000848,Driver IC,Propagation Delay,LOT-14,LOW,0.0,0,NORMAL,0h_24h_96h,18.930006234294545,False
CMP-000849,Logic IC,Iddq,LOT-02,LOW,0.0,0,NORMAL,0h_24h_96h,10.724195244312172,False
CMP-000850,Memory IC,Standby Current,LOT-05,MEDIUM,30.0,0,NORMAL,0h_24h_96h,26.03885855329968,True
CMP-000851,ADC,Leakage Current,LOT-09,CRITICAL,100.0,1,GRADUAL_DRIFT,0h_24h_96h,20.346124086841396,True
CMP-000852,Driver IC,Propagation Delay,LOT-17,CRITICAL,100.0,1,LATENT_DEFECT,0h_24h_96h,36.43447182685766,True
CMP-000853,Logic IC,Iddq,LOT-03,LOW,15.0,0,NORMAL,0h_24h_96h,10.948386296031746,False
CMP-000854,Memory IC,Standby Current,LOT-10,MEDIUM,30.0,0,NORMAL,0h_24h_96h,25.432716296745223,True
CMP-000855,ADC,Leakage Current,LOT-04,LOW,0.0,0,NORMAL,0h_24h_96h,5.662280863812467,False
CMP-000856,Driver IC,Propagation Delay,LOT-03,MEDIUM,30.0,0,NORMAL,0h_24h_96h,19.537818877873423,True
CMP-000857,Logic IC,Iddq,LOT-07,LOW,0.0,0,NORMAL,0h_24h_96h,10.731223676190485,False
CMP-000858,Memory IC,Standby Current,LOT-01,MEDIUM,30.0,0,NORMAL,0h_24h_96h,25.432716296745223,True
CMP-000859,ADC,Leakage Current,LOT-10,MEDIUM,30.0,0,NORMAL,0h_24h_96h,5.132253590633442,True
CMP-000860,Driver IC,Propagation Delay,LOT-04,MEDIUM,30.0,0,NORMAL,0h_24h_96h,18.789231895750557,True
CMP-000861,Logic IC,Iddq,LOT-18,CRITICAL,100.0,1,GRADUAL_DRIFT,0h_24h_96h,39.61430469404762,True
CMP-000862,Memory IC,Standby Current,LOT-07,CRITICAL,100.0,1,SUDDEN_ANOMALY,0h_24h_96h,30.743506210190716,True
CMP-000863,ADC,Leakage Current,LOT-12,MEDIUM,41.0,0,NORMAL,0h_24h_96h,5.638745435576177,True
CMP-000864,Driver IC,Propagation Delay,LOT-01,CRITICAL,100.0,1,LATENT_DEFECT,0h_24h_96h,41.842701591352345,True
CMP-000865,Logic IC,Iddq,LOT-05,CRITICAL,100.0,1,GRADUAL_DRIFT,0h_24h_96h,38.194734054894155,True
CMP-000866,Memory IC,Standby Current,LOT-18,MEDIUM,30.0,0,NORMAL,0h_24h_96h,26.51432681463639,True
CMP-000867,ADC,Leakage Current,LOT-04,CRITICAL,100.0,1,LATENT_DEFECT,0h_24h_96h,20.801907033760227,True
CMP-000868,Driver IC,Propagation Delay,LOT-10,LOW,0.0,0,NORMAL,0h_24h_96h,18.098725169485654,False
CMP-000869,Logic IC,Iddq,LOT-16,CRITICAL,100.0,1,SUDDEN_ANOMALY,0h_24h_96h,12.621065007671955,True
CMP-000870,Memory IC,Standby Current,LOT-10,LOW,0.0,0,NORMAL,0h_24h_96h,26.174582714376665,False
CMP-000871,ADC,Leakage Current,LOT-10,MEDIUM,30.0,0,NORMAL,0h_24h_96h,5.338176817615357,True
CMP-000872,Driver IC,Propagation Delay,LOT-11,LOW,15.0,0,NORMAL,0h_24h_96h,18.3132191364345,False
CMP-000873,Logic IC,Iddq,LOT-20,CRITICAL,100.0,1,LATENT_DEFECT,0h_24h_96h,42.210636731349254,True
CMP-000874,Memory IC,Standby Current,LOT-14,LOW,0.0,0,NORMAL,0h_24h_96h,26.703007176886715,False
CMP-000875,ADC,Leakage Current,LOT-01,LOW,0.0,0,NORMAL,0h_24h_96h,5.623490063615026,False
CMP-000876,Driver IC,Propagation Delay,LOT-16,LOW,15.0,0,NORMAL,0h_24h_96h,18.202343534179,False
CMP-000877,Logic IC,Iddq,LOT-08,CRITICAL,100.0,1,GRADUAL_DRIFT,0h_24h_96h,36.57315935183981,True
CMP-000878,Memory IC,Standby Current,LOT-13,LOW,15.0,0,NORMAL,0h_24h_96h,25.506110860478962,False
CMP-000879,ADC,Leakage Current,LOT-15,CRITICAL,100.0,1,SUDDEN_ANOMALY,0h_24h_96h,7.354873372695347,True
CMP-000880,Driver IC,Propagation Delay,LOT-08,MEDIUM,30.0,0,NORMAL,0h_24h_96h,18.24871844203727,True
CMP-000881,Logic IC,Iddq,LOT-16,CRITICAL,100.0,1,LATENT_DEFECT,0h_24h_96h,40.89705180595243,True
CMP-000882,Memory IC,Standby Current,LOT-12,CRITICAL,100.0,1,GRADUAL_DRIFT,0h_24h_96h,64.56131655330238,True
CMP-000883,ADC,Leakage Current,LOT-10,LOW,0.0,0,NORMAL,0h_24h_96h,5.2080945268762875,False
CMP-000884,Driver IC,Propagation Delay,LOT-14,LOW,15.0,0,NORMAL,0h_24h_96h,19.18293067048596,False
CMP-000885,Logic IC,Iddq,LOT-19,LOW,0.0,0,NORMAL,0h_24h_96h,10.749801274206352,False
CMP-000886,Memory IC,Standby Current,LOT-08,CRITICAL,100.0,1,GRADUAL_DRIFT,0h_24h_96h,69.28672205305725,True
CMP-000887,ADC,Leakage Current,LOT-03,MEDIUM,30.0,0,NORMAL,0h_24h_96h,5.430539229008406,True
CMP-000888,Driver IC,Propagation Delay,LOT-04,MEDIUM,30.0,0,NORMAL,0h_24h_96h,18.40476175425988,True
CMP-000889,Logic IC,Iddq,LOT-17,LOW,0.0,0,NORMAL,0h_24h_96h,10.484686907407417,False
CMP-000890,Memory IC,Standby Current,LOT-18,CRITICAL,100.0,1,LATENT_DEFECT,0h_24h_96h,73.92014736444052,True
CMP-000891,ADC,Leakage Current,LOT-06,MEDIUM,41.0,0,NORMAL,0h_24h_96h,5.057818921004101,True
CMP-000892,Driver IC,Propagation Delay,LOT-05,LOW,0.0,0,NORMAL,0h_24h_96h,18.074278355881805,False
CMP-000893,Logic IC,Iddq,LOT-04,CRITICAL,100.0,1,GRADUAL_DRIFT,0h_24h_96h,36.45767016865082,True
CMP-000894,Memory IC,Standby Current,LOT-11,LOW,0.0,0,NORMAL,0h_24h_96h,26.297473267060408,False
CMP-000895,ADC,Leakage Current,LOT-13,LOW,0.0,0,NORMAL,0h_24h_96h,5.1864423578069285,False
CMP-000896,Driver IC,Propagation Delay,LOT-02,LOW,0.0,0,NORMAL,0h_24h_96h,18.930006234294545,False
CMP-000897,Logic IC,Iddq,LOT-16,MEDIUM,30.0,0,NORMAL,0h_24h_96h,10.722047117063486,True
CMP-000898,Memory IC,Standby Current,LOT-04,LOW,0.0,0,NORMAL,0h_24h_96h,26.40375240023923,False
CMP-000899,ADC,Leakage Current,LOT-18,CRITICAL,100.0,1,GRADUAL_DRIFT,0h_24h_96h,22.703361946895814,True
CMP-000900,Driver IC,Propagation Delay,LOT-15,LOW,15.0,0,NORMAL,0h_24h_96h,18.54283009262594,False
CMP-000901,Logic IC,Iddq,LOT-11,LOW,0.0,0,NORMAL,0h_24h_96h,10.677636976984127,False
CMP-000902,Memory IC,Standby Current,LOT-09,LOW,15.0,0,NORMAL,0h_24h_96h,25.958097295736835,False
CMP-000903,ADC,Leakage Current,LOT-11,HIGH,74.0,0,NORMAL,0h_24h_96h,6.749277537614458,True
CMP-000904,Driver IC,Propagation Delay,LOT-06,CRITICAL,100.0,1,SUDDEN_ANOMALY,0h_24h_96h,20.145212031067118,True
CMP-000905,Logic IC,Iddq,LOT-02,MEDIUM,30.0,0,NORMAL,0h_24h_96h,10.297351460846562,True
CMP-000906,Memory IC,Standby Current,LOT-04,LOW,0.0,0,NORMAL,0h_24h_96h,26.722912646713045,False
CMP-000907,ADC,Leakage Current,LOT-02,LOW,21.0,0,NORMAL,0h_24h_96h,5.341373957050447,False
CMP-000908,Driver IC,Propagation Delay,LOT-18,CRITICAL,100.0,1,LATENT_DEFECT,0h_24h_96h,36.17641605346254,True
CMP-000909,Logic IC,Iddq,LOT-08,CRITICAL,100.0,1,GRADUAL_DRIFT,0h_24h_96h,37.11597614563494,True
CMP-000910,Memory IC,Standby Current,LOT-04,CRITICAL,100.0,1,LATENT_DEFECT,0h_24h_96h,73.81499382922225,True
CMP-000911,ADC,Leakage Current,LOT-18,CRITICAL,100.0,1,GRADUAL_DRIFT,0h_24h_96h,19.653240680625704,True
CMP-000912,Driver IC,Propagation Delay,LOT-13,LOW,0.0,0,NORMAL,0h_24h_96h,18.175881181185034,False
CMP-000913,Logic IC,Iddq,LOT-04,CRITICAL,100.0,1,GRADUAL_DRIFT,0h_24h_96h,34.57971022367726,True
CMP-000914,Memory IC,Standby Current,LOT-03,LOW,0.0,0,NORMAL,0h_24h_96h,26.895380297556915,False
CMP-000915,ADC,Leakage Current,LOT-17,LOW,0.0,0,NORMAL,0h_24h_96h,5.494827358500282,False
CMP-000916,Driver IC,Propagation Delay,LOT-01,LOW,15.0,0,NORMAL,0h_24h_96h,18.074278355881805,False
CMP-000917,Logic IC,Iddq,LOT-16,CRITICAL,100.0,1,GRADUAL_DRIFT,0h_24h_96h,38.831086094444466,True
CMP-000918,Memory IC,Standby Current,LOT-01,MEDIUM,30.0,0,NORMAL,0h_24h_96h,27.092601525165918,True
CMP-000919,ADC,Leakage Current,LOT-10,LOW,0.0,0,NORMAL,0h_24h_96h,5.571778341120381,False
CMP-000920,Driver IC,Propagation Delay,LOT-12,LOW,15.0,0,NORMAL,0h_24h_96h,19.28782969279324,False
CMP-000921,Logic IC,Iddq,LOT-12,CRITICAL,100.0,1,SUDDEN_ANOMALY,0h_24h_96h,13.073088780291009,True
CMP-000922,Memory IC,Standby Current,LOT-11,CRITICAL,100.0,1,LATENT_DEFECT,0h_24h_96h,71.38543546767139,True
CMP-000923,ADC,Leakage Current,LOT-12,CRITICAL,100.0,1,SUDDEN_ANOMALY,0h_24h_96h,6.8911001664280604,True
CMP-000924,Driver IC,Propagation Delay,LOT-16,CRITICAL,100.0,1,SUDDEN_ANOMALY,0h_24h_96h,21.29321434583136,True
CMP-000925,Logic IC,Iddq,LOT-11,LOW,15.0,0,NORMAL,0h_24h_96h,10.474553741402108,False
CMP-000926,Memory IC,Standby Current,LOT-07,LOW,0.0,0,NORMAL,0h_24h_96h,26.128012244542973,False
CMP-000927,ADC,Leakage Current,LOT-10,CRITICAL,100.0,1,GRADUAL_DRIFT,0h_24h_96h,20.964116504878266,True
CMP-000928,Driver IC,Propagation Delay,LOT-11,MEDIUM,30.0,0,NORMAL,0h_24h_96h,18.47913783511518,True
CMP-000929,Logic IC,Iddq,LOT-20,CRITICAL,100.0,1,GRADUAL_DRIFT,0h_24h_96h,40.09031973055554,True
CMP-000930,Memory IC,Standby Current,LOT-01,MEDIUM,30.0,0,NORMAL,0h_24h_96h,25.98457035573327,True
CMP-000931,ADC,Leakage Current,LOT-14,LOW,0.0,0,NORMAL,0h_24h_96h,5.770939957187656,False
CMP-000932,Driver IC,Propagation Delay,LOT-02,CRITICAL,100.0,1,LATENT_DEFECT,0h_24h_96h,41.05576210656675,True
CMP-000933,Logic IC,Iddq,LOT-13,MEDIUM,30.0,0,NORMAL,0h_24h_96h,10.566497903391062,True
CMP-000934,Memory IC,Standby Current,LOT-08,LOW,0.0,0,NORMAL,0h_24h_96h,25.695990481891368,False
CMP-000935,ADC,Leakage Current,LOT-02,LOW,0.0,0,NORMAL,0h_24h_96h,5.167838733681859,False
CMP-000936,Driver IC,Propagation Delay,LOT-04,MEDIUM,30.0,0,NORMAL,0h_24h_96h,17.930615341512173,True
CMP-000937,Logic IC,Iddq,LOT-14,CRITICAL,100.0,1,LATENT_DEFECT,0h_24h_96h,34.87569991150792,True
CMP-000938,Memory IC,Standby Current,LOT-20,LOW,0.0,0,NORMAL,0h_24h_96h,26.163691041801883,False
CMP-000939,ADC,Leakage Current,LOT-14,CRITICAL,100.0,1,GRADUAL_DRIFT,0h_24h_96h,21.042996892034736,True
CMP-000940,Driver IC,Propagation Delay,LOT-01,LOW,0.0,0,NORMAL,0h_24h_96h,18.392200036733843,False
CMP-000941,Logic IC,Iddq,LOT-12,CRITICAL,100.0,1,GRADUAL_DRIFT,0h_24h_96h,36.246934024603185,True
CMP-000942,Memory IC,Standby Current,LOT-04,LOW,0.0,0,NORMAL,0h_24h_96h,26.039683434411817,False
CMP-000943,ADC,Leakage Current,LOT-20,CRITICAL,100.0,1,SUDDEN_ANOMALY,0h_24h_96h,7.354363243480734,True
CMP-000944,Driver IC,Propagation Delay,LOT-03,LOW,15.0,0,NORMAL,0h_24h_96h,18.50627544892115,False
CMP-000945,Logic IC,Iddq,LOT-09,LOW,15.0,0,NORMAL,0h_24h_96h,11.189955133730166,False
CMP-000946,Memory IC,Standby Current,LOT-07,LOW,15.0,0,NORMAL,0h_24h_96h,26.021022863628744,False
CMP-000947,ADC,Leakage Current,LOT-08,LOW,15.0,0,NORMAL,0h_24h_96h,5.132253590633442,False
CMP-000948,Driver IC,Propagation Delay,LOT-17,LOW,0.0,0,NORMAL,0h_24h_96h,18.597642199053038,False
CMP-000949,Logic IC,Iddq,LOT-08,LOW,0.0,0,NORMAL,0h_24h_96h,10.769122250793652,False
CMP-000950,Memory IC,Standby Current,LOT-08,MEDIUM,30.0,0,NORMAL,0h_24h_96h,25.432716296745223,True
CMP-000951,ADC,Leakage Current,LOT-06,MEDIUM,41.0,0,NORMAL,0h_24h_96h,5.1404641724374756,True
CMP-000952,Driver IC,Propagation Delay,LOT-01,CRITICAL,100.0,1,SUDDEN_ANOMALY,0h_24h_96h,21.19966334224057,True
CMP-000953,Logic IC,Iddq,LOT-13,LOW,0.0,0,NORMAL,0h_24h_96h,10.852042794047627,False
CMP-000954,Memory IC,Standby Current,LOT-15,CRITICAL,100.0,1,LATENT_DEFECT,0h_24h_96h,71.12428758197801,True
CMP-000955,ADC,Leakage Current,LOT-09,LOW,0.0,0,NORMAL,0h_24h_96h,5.446996526566314,False
CMP-000956,Driver IC,Propagation Delay,LOT-15,MEDIUM,30.0,0,NORMAL,0h_24h_96h,18.15712504571622,True
CMP-000957,Logic IC,Iddq,LOT-17,CRITICAL,100.0,1,GRADUAL_DRIFT,0h_24h_96h,39.52489078042323,True
CMP-000958,Memory IC,Standby Current,LOT-01,CRITICAL,100.0,1,LATENT_DEFECT,0h_24h_96h,67.58640233636973,True
CMP-000959,ADC,Leakage Current,LOT-12,CRITICAL,100.0,1,LATENT_DEFECT,0h_24h_96h,21.207298231270023,True
CMP-000960,Driver IC,Propagation Delay,LOT-05,CRITICAL,100.0,1,LATENT_DEFECT,0h_24h_96h,37.69719935838022,True
CMP-000961,Logic IC,Iddq,LOT-04,CRITICAL,100.0,1,LATENT_DEFECT,0h_24h_96h,42.006019216005285,True
CMP-000962,Memory IC,Standby Current,LOT-07,LOW,0.0,0,NORMAL,0h_24h_96h,25.95242057277036,False
CMP-000963,ADC,Leakage Current,LOT-13,CRITICAL,100.0,1,GRADUAL_DRIFT,0h_24h_96h,20.264714184244816,True
CMP-000964,Driver IC,Propagation Delay,LOT-12,LOW,15.0,0,NORMAL,0h_24h_96h,17.967704114203922,False
CMP-000965,Logic IC,Iddq,LOT-13,CRITICAL,100.0,1,SUDDEN_ANOMALY,0h_24h_96h,13.755302223015864,True
CMP-000966,Memory IC,Standby Current,LOT-01,CRITICAL,100.0,1,LATENT_DEFECT,0h_24h_96h,70.46794289955005,True
CMP-000967,ADC,Leakage Current,LOT-05,MEDIUM,30.0,0,NORMAL,0h_24h_96h,4.971309368625295,True
CMP-000968,Driver IC,Propagation Delay,LOT-10,LOW,15.0,0,NORMAL,0h_24h_96h,18.658716841654087,False
CMP-000969,Logic IC,Iddq,LOT-08,LOW,0.0,0,NORMAL,0h_24h_96h,10.967910920634921,False
CMP-000970,Memory IC,Standby Current,LOT-06,LOW,0.0,0,NORMAL,0h_24h_96h,26.493797310819378,False
CMP-000971,ADC,Leakage Current,LOT-13,CRITICAL,100.0,1,SUDDEN_ANOMALY,0h_24h_96h,7.248542986080538,True
CMP-000972,Driver IC,Propagation Delay,LOT-19,LOW,0.0,0,NORMAL,0h_24h_96h,18.394461049036796,False
CMP-000973,Logic IC,Iddq,LOT-14,LOW,0.0,0,NORMAL,0h_24h_96h,10.75321366386485,False
CMP-000974,Memory IC,Standby Current,LOT-04,LOW,0.0,0,NORMAL,0h_24h_96h,26.19569695902032,False
CMP-000975,ADC,Leakage Current,LOT-07,LOW,0.0,0,NORMAL,0h_24h_96h,5.680257821478411,False
CMP-000976,Driver IC,Propagation Delay,LOT-13,CRITICAL,100.0,1,LATENT_DEFECT,0h_24h_96h,39.94899906434446,True
CMP-000977,Logic IC,Iddq,LOT-15,MEDIUM,30.0,0,NORMAL,0h_24h_96h,10.668964857142853,True
CMP-000978,Memory IC,Standby Current,LOT-06,LOW,0.0,0,NORMAL,0h_24h_96h,26.297473267060408,False
CMP-000979,ADC,Leakage Current,LOT-18,LOW,0.0,0,NORMAL,0h_24h_96h,5.218991354134408,False
CMP-000980,Driver IC,Propagation Delay,LOT-13,CRITICAL,100.0,1,LATENT_DEFECT,0h_24h_96h,36.90016360276403,True
CMP-000981,Logic IC,Iddq,LOT-07,LOW,0.0,0,NORMAL,0h_24h_96h,10.959641374723423,False
CMP-000982,Memory IC,Standby Current,LOT-12,CRITICAL,100.0,1,GRADUAL_DRIFT,0h_24h_96h,67.82236376634589,True
CMP-000983,ADC,Leakage Current,LOT-18,LOW,0.0,0,NORMAL,0h_24h_96h,5.515358632023376,False
CMP-000984,Driver IC,Propagation Delay,LOT-14,CRITICAL,100.0,1,SUDDEN_ANOMALY,0h_24h_96h,20.66043144715901,True
CMP-000985,Logic IC,Iddq,LOT-04,CRITICAL,100.0,1,SUDDEN_ANOMALY,0h_24h_96h,13.614410957539675,True
CMP-000986,Memory IC,Standby Current,LOT-12,LOW,0.0,0,NORMAL,0h_24h_96h,26.223588685709192,False
CMP-000987,ADC,Leakage Current,LOT-06,LOW,0.0,0,NORMAL,0h_24h_96h,5.428189656162278,False
CMP-000988,Driver IC,Propagation Delay,LOT-19,MEDIUM,30.0,0,NORMAL,0h_24h_96h,18.407558428554108,True
CMP-000989,Logic IC,Iddq,LOT-13,CRITICAL,100.0,1,GRADUAL_DRIFT,0h_24h_96h,32.88481415476191,True
CMP-000990,Memory IC,Standby Current,LOT-02,CRITICAL,100.0,1,LATENT_DEFECT,0h_24h_96h,68.7215699589196,True
CMP-000991,ADC,Leakage Current,LOT-17,MEDIUM,30.0,0,NORMAL,0h_24h_96h,5.582267494871075,True
CMP-000992,Driver IC,Propagation Delay,LOT-04,CRITICAL,100.0,1,LATENT_DEFECT,0h_24h_96h,36.5154970703534,True
CMP-000993,Logic IC,Iddq,LOT-16,CRITICAL,100.0,1,GRADUAL_DRIFT,0h_24h_96h,37.13414114682537,True
CMP-000994,Memory IC,Standby Current,LOT-20,CRITICAL,100.0,1,GRADUAL_DRIFT,0h_24h_96h,68.1865015984707,True
CMP-000995,ADC,Leakage Current,LOT-11,LOW,0.0,0,NORMAL,0h_24h_96h,5.737010958249424,False
CMP-000996,Driver IC,Propagation Delay,LOT-03,CRITICAL,100.0,1,LATENT_DEFECT,0h_24h_96h,33.37932445727692,True
CMP-000997,Logic IC,Iddq,LOT-09,LOW,0.0,0,NORMAL,0h_24h_96h,10.893208702645493,False
CMP-000998,Memory IC,Standby Current,LOT-19,CRITICAL,100.0,1,LATENT_DEFECT,0h_24h_96h,83.25154659544432,True
CMP-000999,ADC,Leakage Current,LOT-13,CRITICAL,100.0,1,GRADUAL_DRIFT,0h_24h_96h,20.603862325610184,True
CMP-001000,Driver IC,Propagation Delay,LOT-03,CRITICAL,100.0,1,LATENT_DEFECT,0h_24h_96h,40.34705215301846,True
